Frontend-Node:  =======================================================================
                FPBA has been activated in order to calculate connectivity information.
                =======================================================================

==============================================================================================
[Boundaries] - MCalc
open-add-space, open-add-space, open-add-space, open-add-space, open-add-space, open-add-space
==============================================================================================

========================================
[Mesh] Matrix calculation - NO ACIS mode
========================================

=============================
[Mesh] Expansion: 0 0 0 0 0 0
=============================

=================================================================================
 - hardware info
   + cpu name                    : 12th Gen Intel(R) Core(TM) i5-12450H
   + sockets                     : 1
   + cores per socket            : 4
   + hyperthreading              : on
   + ht-units                    : 2
   + efficiency cores            : 4, not used
   + max cpuid level             : 32
   + max cpuid ext. level        : 8
   + numa nodes                  : 1
   + Numa Memory Info
     numa node     installed     available    (MByte)
       0                 0         12021
   + internal cpu info           : CPUID: selected engine is 'Leaf 0xB detection'
performance cores:
apic ids           : 0, 1, 8, 9, 16, 17, 24, 25
apic ids (fallback): 0, 1, 8, 9, 16, 17, 24, 25
from cpu registers: 0, 1, 8, 9, 16, 17, 24, 25
fallback: 0, 1, 8, 9, 16, 17, 24, 25
combined: 0, 1, 8, 9, 16, 17, 24, 25
core 0 type: Intel Core
core 1 type: Intel Core
core 2 type: Intel Core
core 3 type: Intel Core
core 4 type: Intel Core
core 5 type: Intel Core
core 6 type: Intel Core
core 7 type: Intel Core
max id per cpu: 64
SMT mask: 1
Core mask: 3e
Package mask: ffffffc0
set results:
  - packages: 1
  - cores: 4
  - smts: 2
generate core map, new implementation
0, 1, 2, 3, 4, 5, 6, 7
packages: 1
cores   : 4
ht units: 2
efficiency cores:
apic ids           : 40, 42, 44, 46
apic ids (fallback): 40, 42, 44, 46
from cpu registers: 40, 42, 44, 46
fallback: 40, 42, 44, 46
combined: 40, 42, 44, 46
core 0 type: Intel Atom
core 1 type: Intel Atom
core 2 type: Intel Atom
core 3 type: Intel Atom
max id per cpu: 64
SMT mask: 1
Core mask: 3e
Package mask: ffffffc0
set results:
  - packages: 1
  - cores: 4
  - smts: 1
generate core map, new implementation
0, 1, 2, 3
packages: 1
cores   : 4
ht units: 1
 - pinning rule in use   : PINNING_RULE_MCALC_SKIP_ALL
 - desired group         : 0
 - num cores available   : 12
 - efficiency cores      : 4, not used
 - active core list from affinity: 
   + num accessible procs          : 12
   + num logical procs             : 12
   + current affinity (env)        : 0,1,2,3,4,5,6,7,8,9,10,11
   + sockets ids in                : 0
   + core list                  (1): 0,2,4,6,8,9,10,11
 - active cores          : 0,2,4,6,8,9,10,11
 - hyperthreading        : on
 - allowed core ids      : 0,2,4,6
 - allowed core ids (aff): 1010 1010 0000 
 - used mask (string)    : 1010 1010 0000 
=================================================================================

===================================================================================================
Version: 2025.1 Release from 2024-10-28 (change 1339251) [Release]
Workflow: PBA matrix coefficients
Operation: [acis, fpba, meshfill, bg, port-path, port-domain, tst, tst-nextgen, coeff, surface-imp]
Architecture: Windows, ID: AMD64
System Windows-64bit
Using processor group 0/1
Matrix calculation information:
# of Nodes: 0
Concurrency: 0
Start ID: 0
Node ID: 0
HEX Mesh information:
Hex mesh: global: [hxr o(0 | 0 | 0) s(18 | 4 | 15) np (no TSTs): 1080] 
===================================================================================================

>>>>>>>>>>>>>>>>>>>>>>>>>>>>>>>>>>>>>>>>
Tue Tue Apr 14 03:46:26 2026
started: calculating matrix coefficients
>>>>>>>>>>>>>>>>>>>>>>>>>>>>>>>>>>>>>>>>

============================================================
Matrix computation (PBA)
	[Perfect Boundary Approximation (PBA), version: default]
	[GPU acceleration: off (by user)]
Version: 2025.1 Release from 2024-10-28 (change 1339251)
PBA version: default, 2.20240218
Model compatibility: 2025.20241028
Sub-Workflow: FARM-1x1-TST2
Workflow updated: -
Tue Tue Apr 14 03:46:26 2026
============================================================

----------------------------------------------
Used point accuracy enhancement value: 73.00%.
----------------------------------------------

========================================================================
The maximum supported number of mesh cells without MPI is: 2,147,483,647
========================================================================

------------------------------------------------------------------------------------------------
Geometry processing log
	PEC background is represented by CAD geometry: false
	Background shape: added
	Multithread portion: 100.00
	Number of CAD shapes: 2
	Number of lumps: 1
------------------------------------------------------------------------------------------------
=========================================
== CST Matrix Calculation Priority Log ==
=========================================
Priorities are sorted in ascending order beginning with the lowest priority
 
Group | Shape-ID | ShapeName | Material | User-priority | 2D/3D-Geometry | Material-attributes | Shape-attributes | Feature-ID | Schemetype
1 | 4 | </cst/Boundaries/> Low^X | $NFSMaterial$ | n/a | no | normal.vacuum. | boundary. | n/a | FIT_TD
1 | 5 | </cst/Boundaries/> Low^Y | $NFSMaterial$ | n/a | no | normal.vacuum. | boundary. | n/a | FIT_TD
1 | 6 | </cst/Boundaries/> Low^Z | $NFSMaterial$ | n/a | no | normal.vacuum. | boundary. | n/a | FIT_TD
1 | 7 | </cst/Boundaries/> Up^X | $NFSMaterial$ | n/a | no | normal.vacuum. | boundary. | n/a | FIT_TD
1 | 8 | </cst/Boundaries/> Up^Y | $NFSMaterial$ | n/a | no | normal.vacuum. | boundary. | n/a | FIT_TD
1 | 9 | </cst/Boundaries/> Up^Z | $NFSMaterial$ | n/a | no | normal.vacuum. | boundary. | n/a | FIT_TD
2 | 2 | component1:substrate__1_0 | FR-4 (lossy) | n/a | yes | dispersive-mue.normal. | solid. | n/a | FIT_TD
3 | 1 | component1:ground__1_0 | Copper (annealed) | n/a | yes | pec.rho.surface-impedance. | solid. | n/a | FIT_TD
3 | 3 | component1:ground__1_0 (Lump 2) | Copper (annealed) | n/a | yes | pec.rho.surface-impedance. | solid. | n/a | FIT_TD
=========================================
************************************************************************************************
General settings
	PBA version: default, 2.20240218, potentials: not required
	Model compatibility: 2025.20241028
	Software version: 2025.1 Release from 2024-10-28 (change 1339251)
------------------------------------------------------------------------------------------------
Geometry processor: default
	Geo accuracy: 73.000000
	Watertightness check: true
	Self intersection check: false
	Inheritance (all): false
	Normal dominance (all): false
	Normal dominance (ports): false
	Flanges hollow: true
	One shape per flange: false
	Multi threading: true
		max # of threads used: 8
		requested max # of threads: 8
		representation: indexed
		method: multi thread
		retry: no
------------------------------------------------------------------------------------------------
CAD processing settings are set to default
------------------------------------------------------------------------------------------------
Connectivity settings
	Workflow selection: 0
	Workflow version: 20180101
	Gap detection: true
	Gap detection version: 2
	TST version: default, 2.20240218, potentials: not required
	QQ workflow: true
	CoCo workflow: true
	Legacy topology: false
	Connectivity check: false
------------------------------------------------------------------------------------------------
------------------------------------------------------------------------------------------------
CAD Processing Version Info
	ACIS version installed:	34.0.1
	ACIS version used:	34.0.1
------------------------------------------------------------------------------------------------
Success method:	multi-thread-22
************************************************************************************************

-------------------------------------------------
Geometry representation: extended-edge
Shared memory: none
FARM allocation scheme: PA
Parallelization: off
Gap-Detection activated for FARM-topology. Gaps are resolved, even partially.: gap tolerance value is 0.001000 and mesh geometry scale is 0.001000

----------------------
Acceleration mode: CPU
----------------------

Port homogenization method: M2H point index deviation
ccccccccccccccccccccccccccccccccccccccccccccccccccccccccccccccccccccc
FARM/Meshfill cache is set to 8 (local FI domains: 1, dynamic: false)
ccccccccccccccccccccccccccccccccccccccccccccccccccccccccccccccccccccc

=============================================================
Hex cell analyzer settings:
	max number of E fields per mesh edge: 2
	max number of H fields per mesh face: 4
	supporting dual grid: false
	performance improvement: ROI limit: true
	performance improvement: ROI threshold: 2
	performance improvement: single topology extraction: true
	performance improvement: pre-categorize cell volume: true
	periodic align: 0
	periodic cells: true
	homogenization version: pid
=============================================================

-------------------
TST Statistics:
E Split (0 | 0 | 0)
E Adapt (0 | 0 | 0)
B Split (0 | 0 | 0)
B Adapt (0 | 0 | 0)
-------------------

-------------------------------------------------------------
TST Version 2.20240218, tst tiny faces fix: on, TST1 BWC: off
-------------------------------------------------------------

------------------------------------------------------------------------------
+++++++++++++++++++++++++++++++++++++++++++++++++++++
settings for port mode calculation
+++++++++++++++++++++++++++++++++++++++++++++++++++++
PBA fill limit is applied in inverse mode.
PBA fill limit is applied on faces filled with at least 98.63% metal material.
--------------------------------------------------------------
detailed accuracy settings:
--------------------------------------------------------------
augmented fill limit:       true
augmented fill limit value: 98.63
automatic fill limit:       true
early fill limit:           true
inverse fill limit:         true
model complexity:           0.00
legacy 2015:                false
fixed point accuracy:       false
minimum point accuracy:     0
mesh step inheritance:      false
accuracy mode:              
------------------------------------------------------------------------------

--------------------------------------
Glued 0 metal grid points in port area
--------------------------------------

-------------------------------------------------------------------------------
TST aware field source monitor processing forced by environment variable: false
No TST aware field source monitors to be processed
-------------------------------------------------------------------------------

=================================
Finished matrix computation (PBA)
=================================

<<<<<<<<<<<<<<<<<<<<<<<<<<<<<<<<<<<<<<<<<<<<<<<<<<<<<
Tue Tue Apr 14 03:46:26 2026
Resource usage for calculating matrix coefficients:
	Runtime                          00:00:00.00825 s
	Peak Memory Usage:                        38 MB
<<<<<<<<<<<<<<<<<<<<<<<<<<<<<<<<<<<<<<<<<<<<<<<<<<<<<

--------------------------------
# of staircase filled cells: 0
# of staircase filled areas: 0
# of staircase filled edges: 0
# of faces above fill limit: 0
# of edges with FPBA topology: 0
--------------------------------

Frontend-Node:  =======================================================================
                FPBA has been activated in order to calculate connectivity information.
                =======================================================================

==============================================================================================
[Boundaries] - MCalc
open-add-space, open-add-space, open-add-space, open-add-space, open-add-space, open-add-space
==============================================================================================

========================================
[Mesh] Matrix calculation - NO ACIS mode
========================================

=============================
[Mesh] Expansion: 0 0 0 0 0 0
=============================

=================================================================================
 - hardware info
   + cpu name                    : 12th Gen Intel(R) Core(TM) i5-12450H
   + sockets                     : 1
   + cores per socket            : 4
   + hyperthreading              : on
   + ht-units                    : 2
   + efficiency cores            : 4, not used
   + max cpuid level             : 32
   + max cpuid ext. level        : 8
   + numa nodes                  : 1
   + Numa Memory Info
     numa node     installed     available    (MByte)
       0                 0         12056
   + internal cpu info           : CPUID: selected engine is 'Leaf 0xB detection'
performance cores:
apic ids           : 0, 1, 8, 9, 16, 17, 24, 25
apic ids (fallback): 0, 1, 8, 9, 16, 17, 24, 25
from cpu registers: 0, 1, 8, 9, 16, 17, 24, 25
fallback: 0, 1, 8, 9, 16, 17, 24, 25
combined: 0, 1, 8, 9, 16, 17, 24, 25
core 0 type: Intel Core
core 1 type: Intel Core
core 2 type: Intel Core
core 3 type: Intel Core
core 4 type: Intel Core
core 5 type: Intel Core
core 6 type: Intel Core
core 7 type: Intel Core
max id per cpu: 64
SMT mask: 1
Core mask: 3e
Package mask: ffffffc0
set results:
  - packages: 1
  - cores: 4
  - smts: 2
generate core map, new implementation
0, 1, 2, 3, 4, 5, 6, 7
packages: 1
cores   : 4
ht units: 2
efficiency cores:
apic ids           : 40, 42, 44, 46
apic ids (fallback): 40, 42, 44, 46
from cpu registers: 40, 42, 44, 46
fallback: 40, 42, 44, 46
combined: 40, 42, 44, 46
core 0 type: Intel Atom
core 1 type: Intel Atom
core 2 type: Intel Atom
core 3 type: Intel Atom
max id per cpu: 64
SMT mask: 1
Core mask: 3e
Package mask: ffffffc0
set results:
  - packages: 1
  - cores: 4
  - smts: 1
generate core map, new implementation
0, 1, 2, 3
packages: 1
cores   : 4
ht units: 1
 - pinning rule in use   : PINNING_RULE_MCALC_SKIP_ALL
 - desired group         : 0
 - num cores available   : 12
 - efficiency cores      : 4, not used
 - active core list from affinity: 
   + num accessible procs          : 12
   + num logical procs             : 12
   + current affinity (env)        : 0,1,2,3,4,5,6,7,8,9,10,11
   + sockets ids in                : 0
   + core list                  (1): 0,2,4,6,8,9,10,11
 - active cores          : 0,2,4,6,8,9,10,11
 - hyperthreading        : on
 - allowed core ids      : 0,2,4,6
 - allowed core ids (aff): 1010 1010 0000 
 - used mask (string)    : 1010 1010 0000 
=================================================================================

===================================================================================================
Version: 2025.1 Release from 2024-10-28 (change 1339251) [Release]
Workflow: PBA matrix coefficients
Operation: [acis, fpba, meshfill, bg, port-path, port-domain, tst, tst-nextgen, coeff, surface-imp]
Architecture: Windows, ID: AMD64
System Windows-64bit
Using processor group 0/1
Matrix calculation information:
# of Nodes: 0
Concurrency: 0
Start ID: 0
Node ID: 0
HEX Mesh information:
Hex mesh: global: [hxr o(0 | 0 | 0) s(26 | 4 | 21) np (no TSTs): 2184] 
===================================================================================================

>>>>>>>>>>>>>>>>>>>>>>>>>>>>>>>>>>>>>>>>
Tue Tue Apr 14 03:46:30 2026
started: calculating matrix coefficients
>>>>>>>>>>>>>>>>>>>>>>>>>>>>>>>>>>>>>>>>

============================================================
Matrix computation (PBA)
	[Perfect Boundary Approximation (PBA), version: default]
	[GPU acceleration: off (by user)]
Version: 2025.1 Release from 2024-10-28 (change 1339251)
PBA version: default, 2.20240218
Model compatibility: 2025.20241028
Sub-Workflow: FARM-1x1-TST2
Workflow updated: -
Tue Tue Apr 14 03:46:30 2026
============================================================

----------------------------------------------
Used point accuracy enhancement value: 73.00%.
----------------------------------------------

========================================================================
The maximum supported number of mesh cells without MPI is: 2,147,483,647
========================================================================

------------------------------------------------------------------------------------------------
Geometry processing log
	PEC background is represented by CAD geometry: false
	Background shape: added
	Multithread portion: 100.00
	Number of CAD shapes: 2
	Number of lumps: 1
------------------------------------------------------------------------------------------------
=========================================
== CST Matrix Calculation Priority Log ==
=========================================
Priorities are sorted in ascending order beginning with the lowest priority
 
Group | Shape-ID | ShapeName | Material | User-priority | 2D/3D-Geometry | Material-attributes | Shape-attributes | Feature-ID | Schemetype
1 | 4 | </cst/Boundaries/> Low^X | $NFSMaterial$ | n/a | no | normal.vacuum. | boundary. | n/a | FIT_TD
1 | 5 | </cst/Boundaries/> Low^Y | $NFSMaterial$ | n/a | no | normal.vacuum. | boundary. | n/a | FIT_TD
1 | 6 | </cst/Boundaries/> Low^Z | $NFSMaterial$ | n/a | no | normal.vacuum. | boundary. | n/a | FIT_TD
1 | 7 | </cst/Boundaries/> Up^X | $NFSMaterial$ | n/a | no | normal.vacuum. | boundary. | n/a | FIT_TD
1 | 8 | </cst/Boundaries/> Up^Y | $NFSMaterial$ | n/a | no | normal.vacuum. | boundary. | n/a | FIT_TD
1 | 9 | </cst/Boundaries/> Up^Z | $NFSMaterial$ | n/a | no | normal.vacuum. | boundary. | n/a | FIT_TD
2 | 2 | component1:substrate__1_0 | FR-4 (lossy) | n/a | yes | dispersive-mue.normal. | solid. | n/a | FIT_TD
3 | 1 | component1:ground__1_0 | Copper (annealed) | n/a | yes | pec.rho.surface-impedance. | solid. | n/a | FIT_TD
3 | 3 | component1:ground__1_0 (Lump 2) | Copper (annealed) | n/a | yes | pec.rho.surface-impedance. | solid. | n/a | FIT_TD
=========================================
************************************************************************************************
General settings
	PBA version: default, 2.20240218, potentials: not required
	Model compatibility: 2025.20241028
	Software version: 2025.1 Release from 2024-10-28 (change 1339251)
------------------------------------------------------------------------------------------------
Geometry processor: default
	Geo accuracy: 73.000000
	Watertightness check: true
	Self intersection check: false
	Inheritance (all): false
	Normal dominance (all): false
	Normal dominance (ports): false
	Flanges hollow: true
	One shape per flange: false
	Multi threading: true
		max # of threads used: 8
		requested max # of threads: 8
		representation: indexed
		method: multi thread
		retry: no
------------------------------------------------------------------------------------------------
CAD processing settings are set to default
------------------------------------------------------------------------------------------------
Connectivity settings
	Workflow selection: 0
	Workflow version: 20180101
	Gap detection: true
	Gap detection version: 2
	TST version: default, 2.20240218, potentials: not required
	QQ workflow: true
	CoCo workflow: true
	Legacy topology: false
	Connectivity check: false
------------------------------------------------------------------------------------------------
------------------------------------------------------------------------------------------------
CAD Processing Version Info
	ACIS version installed:	34.0.1
	ACIS version used:	34.0.1
------------------------------------------------------------------------------------------------
Success method:	multi-thread-22
************************************************************************************************

-------------------------------------------------
Geometry representation: extended-edge
Shared memory: none
FARM allocation scheme: PA
Parallelization: off
Gap-Detection activated for FARM-topology. Gaps are resolved, even partially.: gap tolerance value is 0.001000 and mesh geometry scale is 0.001000

----------------------
Acceleration mode: CPU
----------------------

Port homogenization method: M2H point index deviation
ccccccccccccccccccccccccccccccccccccccccccccccccccccccccccccccccccccc
FARM/Meshfill cache is set to 8 (local FI domains: 1, dynamic: false)
ccccccccccccccccccccccccccccccccccccccccccccccccccccccccccccccccccccc

=============================================================
Hex cell analyzer settings:
	max number of E fields per mesh edge: 2
	max number of H fields per mesh face: 4
	supporting dual grid: false
	performance improvement: ROI limit: true
	performance improvement: ROI threshold: 2
	performance improvement: single topology extraction: true
	performance improvement: pre-categorize cell volume: true
	periodic align: 0
	periodic cells: true
	homogenization version: pid
=============================================================

-------------------
TST Statistics:
E Split (0 | 0 | 0)
E Adapt (0 | 0 | 0)
B Split (0 | 0 | 0)
B Adapt (0 | 0 | 0)
-------------------

-------------------------------------------------------------
TST Version 2.20240218, tst tiny faces fix: on, TST1 BWC: off
-------------------------------------------------------------

------------------------------------------------------------------------------
+++++++++++++++++++++++++++++++++++++++++++++++++++++
settings for port mode calculation
+++++++++++++++++++++++++++++++++++++++++++++++++++++
PBA fill limit is applied in inverse mode.
PBA fill limit is applied on faces filled with at least 98.63% metal material.
--------------------------------------------------------------
detailed accuracy settings:
--------------------------------------------------------------
augmented fill limit:       true
augmented fill limit value: 98.63
automatic fill limit:       true
early fill limit:           true
inverse fill limit:         true
model complexity:           0.00
legacy 2015:                false
fixed point accuracy:       false
minimum point accuracy:     0
mesh step inheritance:      false
accuracy mode:              
------------------------------------------------------------------------------

--------------------------------------
Glued 0 metal grid points in port area
--------------------------------------

-------------------------------------------------------------------------------
TST aware field source monitor processing forced by environment variable: false
No TST aware field source monitors to be processed
-------------------------------------------------------------------------------

=================================
Finished matrix computation (PBA)
=================================

<<<<<<<<<<<<<<<<<<<<<<<<<<<<<<<<<<<<<<<<<<<<<<<<<<<<<
Tue Tue Apr 14 03:46:31 2026
Resource usage for calculating matrix coefficients:
	Runtime                          00:00:00.00972 s
	Peak Memory Usage:                        49 MB
<<<<<<<<<<<<<<<<<<<<<<<<<<<<<<<<<<<<<<<<<<<<<<<<<<<<<

--------------------------------
# of staircase filled cells: 0
# of staircase filled areas: 0
# of staircase filled edges: 0
# of faces above fill limit: 0
# of edges with FPBA topology: 0
--------------------------------

Frontend-Node:  =======================================================================
                FPBA has been activated in order to calculate connectivity information.
                =======================================================================

==============================================================================================
[Boundaries] - MCalc
open-add-space, open-add-space, open-add-space, open-add-space, open-add-space, open-add-space
==============================================================================================

========================================
[Mesh] Matrix calculation - NO ACIS mode
========================================

=============================
[Mesh] Expansion: 0 0 0 0 0 0
=============================

=================================================================================
 - hardware info
   + cpu name                    : 12th Gen Intel(R) Core(TM) i5-12450H
   + sockets                     : 1
   + cores per socket            : 4
   + hyperthreading              : on
   + ht-units                    : 2
   + efficiency cores            : 4, not used
   + max cpuid level             : 32
   + max cpuid ext. level        : 8
   + numa nodes                  : 1
   + Numa Memory Info
     numa node     installed     available    (MByte)
       0                 0         12034
   + internal cpu info           : CPUID: selected engine is 'Leaf 0xB detection'
performance cores:
apic ids           : 0, 1, 8, 9, 16, 17, 24, 25
apic ids (fallback): 0, 1, 8, 9, 16, 17, 24, 25
from cpu registers: 0, 1, 8, 9, 16, 17, 24, 25
fallback: 0, 1, 8, 9, 16, 17, 24, 25
combined: 0, 1, 8, 9, 16, 17, 24, 25
core 0 type: Intel Core
core 1 type: Intel Core
core 2 type: Intel Core
core 3 type: Intel Core
core 4 type: Intel Core
core 5 type: Intel Core
core 6 type: Intel Core
core 7 type: Intel Core
max id per cpu: 64
SMT mask: 1
Core mask: 3e
Package mask: ffffffc0
set results:
  - packages: 1
  - cores: 4
  - smts: 2
generate core map, new implementation
0, 1, 2, 3, 4, 5, 6, 7
packages: 1
cores   : 4
ht units: 2
efficiency cores:
apic ids           : 40, 42, 44, 46
apic ids (fallback): 40, 42, 44, 46
from cpu registers: 40, 42, 44, 46
fallback: 40, 42, 44, 46
combined: 40, 42, 44, 46
core 0 type: Intel Atom
core 1 type: Intel Atom
core 2 type: Intel Atom
core 3 type: Intel Atom
max id per cpu: 64
SMT mask: 1
Core mask: 3e
Package mask: ffffffc0
set results:
  - packages: 1
  - cores: 4
  - smts: 1
generate core map, new implementation
0, 1, 2, 3
packages: 1
cores   : 4
ht units: 1
 - pinning rule in use   : PINNING_RULE_MCALC_SKIP_ALL
 - desired group         : 0
 - num cores available   : 12
 - efficiency cores      : 4, not used
 - active core list from affinity: 
   + num accessible procs          : 12
   + num logical procs             : 12
   + current affinity (env)        : 0,1,2,3,4,5,6,7,8,9,10,11
   + sockets ids in                : 0
   + core list                  (1): 0,2,4,6,8,9,10,11
 - active cores          : 0,2,4,6,8,9,10,11
 - hyperthreading        : on
 - allowed core ids      : 0,2,4,6
 - allowed core ids (aff): 1010 1010 0000 
 - used mask (string)    : 1010 1010 0000 
=================================================================================

===================================================================================================
Version: 2025.1 Release from 2024-10-28 (change 1339251) [Release]
Workflow: PBA matrix coefficients
Operation: [acis, fpba, meshfill, bg, port-path, port-domain, tst, tst-nextgen, coeff, surface-imp]
Architecture: Windows, ID: AMD64
System Windows-64bit
Using processor group 0/1
Matrix calculation information:
# of Nodes: 0
Concurrency: 0
Start ID: 0
Node ID: 0
HEX Mesh information:
Hex mesh: global: [hxr o(0 | 0 | 0) s(36 | 4 | 30) np (no TSTs): 4320] 
===================================================================================================

>>>>>>>>>>>>>>>>>>>>>>>>>>>>>>>>>>>>>>>>
Tue Tue Apr 14 03:46:33 2026
started: calculating matrix coefficients
>>>>>>>>>>>>>>>>>>>>>>>>>>>>>>>>>>>>>>>>

============================================================
Matrix computation (PBA)
	[Perfect Boundary Approximation (PBA), version: default]
	[GPU acceleration: off (by user)]
Version: 2025.1 Release from 2024-10-28 (change 1339251)
PBA version: default, 2.20240218
Model compatibility: 2025.20241028
Sub-Workflow: FARM-1x1-TST2
Workflow updated: -
Tue Tue Apr 14 03:46:33 2026
============================================================

----------------------------------------------
Used point accuracy enhancement value: 73.00%.
----------------------------------------------

========================================================================
The maximum supported number of mesh cells without MPI is: 2,147,483,647
========================================================================

------------------------------------------------------------------------------------------------
Geometry processing log
	PEC background is represented by CAD geometry: false
	Background shape: added
	Multithread portion: 100.00
	Number of CAD shapes: 2
	Number of lumps: 1
------------------------------------------------------------------------------------------------
=========================================
== CST Matrix Calculation Priority Log ==
=========================================
Priorities are sorted in ascending order beginning with the lowest priority
 
Group | Shape-ID | ShapeName | Material | User-priority | 2D/3D-Geometry | Material-attributes | Shape-attributes | Feature-ID | Schemetype
1 | 4 | </cst/Boundaries/> Low^X | $NFSMaterial$ | n/a | no | normal.vacuum. | boundary. | n/a | FIT_TD
1 | 5 | </cst/Boundaries/> Low^Y | $NFSMaterial$ | n/a | no | normal.vacuum. | boundary. | n/a | FIT_TD
1 | 6 | </cst/Boundaries/> Low^Z | $NFSMaterial$ | n/a | no | normal.vacuum. | boundary. | n/a | FIT_TD
1 | 7 | </cst/Boundaries/> Up^X | $NFSMaterial$ | n/a | no | normal.vacuum. | boundary. | n/a | FIT_TD
1 | 8 | </cst/Boundaries/> Up^Y | $NFSMaterial$ | n/a | no | normal.vacuum. | boundary. | n/a | FIT_TD
1 | 9 | </cst/Boundaries/> Up^Z | $NFSMaterial$ | n/a | no | normal.vacuum. | boundary. | n/a | FIT_TD
2 | 2 | component1:substrate__1_0 | FR-4 (lossy) | n/a | yes | dispersive-mue.normal. | solid. | n/a | FIT_TD
3 | 1 | component1:ground__1_0 | Copper (annealed) | n/a | yes | pec.rho.surface-impedance. | solid. | n/a | FIT_TD
3 | 3 | component1:ground__1_0 (Lump 2) | Copper (annealed) | n/a | yes | pec.rho.surface-impedance. | solid. | n/a | FIT_TD
=========================================
************************************************************************************************
General settings
	PBA version: default, 2.20240218, potentials: not required
	Model compatibility: 2025.20241028
	Software version: 2025.1 Release from 2024-10-28 (change 1339251)
------------------------------------------------------------------------------------------------
Geometry processor: default
	Geo accuracy: 73.000000
	Watertightness check: true
	Self intersection check: false
	Inheritance (all): false
	Normal dominance (all): false
	Normal dominance (ports): false
	Flanges hollow: true
	One shape per flange: false
	Multi threading: true
		max # of threads used: 8
		requested max # of threads: 8
		representation: indexed
		method: multi thread
		retry: no
------------------------------------------------------------------------------------------------
CAD processing settings are set to default
------------------------------------------------------------------------------------------------
Connectivity settings
	Workflow selection: 0
	Workflow version: 20180101
	Gap detection: true
	Gap detection version: 2
	TST version: default, 2.20240218, potentials: not required
	QQ workflow: true
	CoCo workflow: true
	Legacy topology: false
	Connectivity check: false
------------------------------------------------------------------------------------------------
------------------------------------------------------------------------------------------------
CAD Processing Version Info
	ACIS version installed:	34.0.1
	ACIS version used:	34.0.1
------------------------------------------------------------------------------------------------
Success method:	multi-thread-22
************************************************************************************************

-------------------------------------------------
Geometry representation: extended-edge
Shared memory: none
FARM allocation scheme: PA
Parallelization: off
Gap-Detection activated for FARM-topology. Gaps are resolved, even partially.: gap tolerance value is 0.001000 and mesh geometry scale is 0.001000

----------------------
Acceleration mode: CPU
----------------------

Port homogenization method: M2H point index deviation
ccccccccccccccccccccccccccccccccccccccccccccccccccccccccccccccccccccc
FARM/Meshfill cache is set to 8 (local FI domains: 1, dynamic: false)
ccccccccccccccccccccccccccccccccccccccccccccccccccccccccccccccccccccc

=============================================================
Hex cell analyzer settings:
	max number of E fields per mesh edge: 2
	max number of H fields per mesh face: 4
	supporting dual grid: false
	performance improvement: ROI limit: true
	performance improvement: ROI threshold: 2
	performance improvement: single topology extraction: true
	performance improvement: pre-categorize cell volume: true
	periodic align: 0
	periodic cells: true
	homogenization version: pid
=============================================================

---------------------
TST Statistics:
E Split (0 | 0 | 12)
E Adapt (7 | 6 | 8)
B Split (12 | 14 | 0)
B Adapt (0 | 0 | 0)
---------------------

-------------------------------------------------------------
TST Version 2.20240218, tst tiny faces fix: on, TST1 BWC: off
-------------------------------------------------------------

------------------------------------------------------------------------------
+++++++++++++++++++++++++++++++++++++++++++++++++++++
settings for port mode calculation
+++++++++++++++++++++++++++++++++++++++++++++++++++++
PBA fill limit is applied in inverse mode.
PBA fill limit is applied on faces filled with at least 98.63% metal material.
--------------------------------------------------------------
detailed accuracy settings:
--------------------------------------------------------------
augmented fill limit:       true
augmented fill limit value: 98.63
automatic fill limit:       true
early fill limit:           true
inverse fill limit:         true
model complexity:           0.00
legacy 2015:                false
fixed point accuracy:       false
minimum point accuracy:     0
mesh step inheritance:      false
accuracy mode:              
------------------------------------------------------------------------------

--------------------------------------
Glued 0 metal grid points in port area
--------------------------------------

-------------------------------------------------------------------------------
TST aware field source monitor processing forced by environment variable: false
No TST aware field source monitors to be processed
-------------------------------------------------------------------------------

=================================
Finished matrix computation (PBA)
=================================

<<<<<<<<<<<<<<<<<<<<<<<<<<<<<<<<<<<<<<<<<<<<<<<<<<<<<
Tue Tue Apr 14 03:46:35 2026
Resource usage for calculating matrix coefficients:
	Runtime                          00:00:01.00320 s
	Peak Memory Usage:                        70 MB
<<<<<<<<<<<<<<<<<<<<<<<<<<<<<<<<<<<<<<<<<<<<<<<<<<<<<

--------------------------------
# of staircase filled cells: 0
# of staircase filled areas: 0
# of staircase filled edges: 0
# of faces above fill limit: 0
# of edges with FPBA topology: 0
--------------------------------

Frontend-Node:  =======================================================================
                FPBA has been activated in order to calculate connectivity information.
                =======================================================================

==============================================================================================
[Boundaries] - MCalc
open-add-space, open-add-space, open-add-space, open-add-space, open-add-space, open-add-space
==============================================================================================

========================================
[Mesh] Matrix calculation - NO ACIS mode
========================================

=============================
[Mesh] Expansion: 0 0 0 0 0 0
=============================

=================================================================================
 - hardware info
   + cpu name                    : 12th Gen Intel(R) Core(TM) i5-12450H
   + sockets                     : 1
   + cores per socket            : 4
   + hyperthreading              : on
   + ht-units                    : 2
   + efficiency cores            : 4, not used
   + max cpuid level             : 32
   + max cpuid ext. level        : 8
   + numa nodes                  : 1
   + Numa Memory Info
     numa node     installed     available    (MByte)
       0                 0         12042
   + internal cpu info           : CPUID: selected engine is 'Leaf 0xB detection'
performance cores:
apic ids           : 0, 1, 8, 9, 16, 17, 24, 25
apic ids (fallback): 0, 1, 8, 9, 16, 17, 24, 25
from cpu registers: 0, 1, 8, 9, 16, 17, 24, 25
fallback: 0, 1, 8, 9, 16, 17, 24, 25
combined: 0, 1, 8, 9, 16, 17, 24, 25
core 0 type: Intel Core
core 1 type: Intel Core
core 2 type: Intel Core
core 3 type: Intel Core
core 4 type: Intel Core
core 5 type: Intel Core
core 6 type: Intel Core
core 7 type: Intel Core
max id per cpu: 64
SMT mask: 1
Core mask: 3e
Package mask: ffffffc0
set results:
  - packages: 1
  - cores: 4
  - smts: 2
generate core map, new implementation
0, 1, 2, 3, 4, 5, 6, 7
packages: 1
cores   : 4
ht units: 2
efficiency cores:
apic ids           : 40, 42, 44, 46
apic ids (fallback): 40, 42, 44, 46
from cpu registers: 40, 42, 44, 46
fallback: 40, 42, 44, 46
combined: 40, 42, 44, 46
core 0 type: Intel Atom
core 1 type: Intel Atom
core 2 type: Intel Atom
core 3 type: Intel Atom
max id per cpu: 64
SMT mask: 1
Core mask: 3e
Package mask: ffffffc0
set results:
  - packages: 1
  - cores: 4
  - smts: 1
generate core map, new implementation
0, 1, 2, 3
packages: 1
cores   : 4
ht units: 1
 - pinning rule in use   : PINNING_RULE_MCALC_SKIP_ALL
 - desired group         : 0
 - num cores available   : 12
 - efficiency cores      : 4, not used
 - active core list from affinity: 
   + num accessible procs          : 12
   + num logical procs             : 12
   + current affinity (env)        : 0,1,2,3,4,5,6,7,8,9,10,11
   + sockets ids in                : 0
   + core list                  (1): 0,2,4,6,8,9,10,11
 - active cores          : 0,2,4,6,8,9,10,11
 - hyperthreading        : on
 - allowed core ids      : 0,2,4,6
 - allowed core ids (aff): 1010 1010 0000 
 - used mask (string)    : 1010 1010 0000 
=================================================================================

===================================================================================================
Version: 2025.1 Release from 2024-10-28 (change 1339251) [Release]
Workflow: PBA matrix coefficients
Operation: [acis, fpba, meshfill, bg, port-path, port-domain, tst, tst-nextgen, coeff, surface-imp]
Architecture: Windows, ID: AMD64
System Windows-64bit
Using processor group 0/1
Matrix calculation information:
# of Nodes: 0
Concurrency: 0
Start ID: 0
Node ID: 0
HEX Mesh information:
Hex mesh: global: [hxr o(0 | 0 | 0) s(48 | 4 | 46) np (no TSTs): 8832] 
===================================================================================================

>>>>>>>>>>>>>>>>>>>>>>>>>>>>>>>>>>>>>>>>
Tue Tue Apr 14 03:46:37 2026
started: calculating matrix coefficients
>>>>>>>>>>>>>>>>>>>>>>>>>>>>>>>>>>>>>>>>

============================================================
Matrix computation (PBA)
	[Perfect Boundary Approximation (PBA), version: default]
	[GPU acceleration: off (by user)]
Version: 2025.1 Release from 2024-10-28 (change 1339251)
PBA version: default, 2.20240218
Model compatibility: 2025.20241028
Sub-Workflow: FARM-1x1-TST2
Workflow updated: -
Tue Tue Apr 14 03:46:37 2026
============================================================

----------------------------------------------
Used point accuracy enhancement value: 73.00%.
----------------------------------------------

========================================================================
The maximum supported number of mesh cells without MPI is: 2,147,483,647
========================================================================

------------------------------------------------------------------------------------------------
Geometry processing log
	PEC background is represented by CAD geometry: false
	Background shape: added
	Multithread portion: 100.00
	Number of CAD shapes: 2
	Number of lumps: 1
------------------------------------------------------------------------------------------------
=========================================
== CST Matrix Calculation Priority Log ==
=========================================
Priorities are sorted in ascending order beginning with the lowest priority
 
Group | Shape-ID | ShapeName | Material | User-priority | 2D/3D-Geometry | Material-attributes | Shape-attributes | Feature-ID | Schemetype
1 | 4 | </cst/Boundaries/> Low^X | $NFSMaterial$ | n/a | no | normal.vacuum. | boundary. | n/a | FIT_TD
1 | 5 | </cst/Boundaries/> Low^Y | $NFSMaterial$ | n/a | no | normal.vacuum. | boundary. | n/a | FIT_TD
1 | 6 | </cst/Boundaries/> Low^Z | $NFSMaterial$ | n/a | no | normal.vacuum. | boundary. | n/a | FIT_TD
1 | 7 | </cst/Boundaries/> Up^X | $NFSMaterial$ | n/a | no | normal.vacuum. | boundary. | n/a | FIT_TD
1 | 8 | </cst/Boundaries/> Up^Y | $NFSMaterial$ | n/a | no | normal.vacuum. | boundary. | n/a | FIT_TD
1 | 9 | </cst/Boundaries/> Up^Z | $NFSMaterial$ | n/a | no | normal.vacuum. | boundary. | n/a | FIT_TD
2 | 2 | component1:substrate__1_0 | FR-4 (lossy) | n/a | yes | dispersive-mue.normal. | solid. | n/a | FIT_TD
3 | 1 | component1:ground__1_0 | Copper (annealed) | n/a | yes | pec.rho.surface-impedance. | solid. | n/a | FIT_TD
3 | 3 | component1:ground__1_0 (Lump 2) | Copper (annealed) | n/a | yes | pec.rho.surface-impedance. | solid. | n/a | FIT_TD
=========================================
************************************************************************************************
General settings
	PBA version: default, 2.20240218, potentials: not required
	Model compatibility: 2025.20241028
	Software version: 2025.1 Release from 2024-10-28 (change 1339251)
------------------------------------------------------------------------------------------------
Geometry processor: default
	Geo accuracy: 73.000000
	Watertightness check: true
	Self intersection check: false
	Inheritance (all): false
	Normal dominance (all): false
	Normal dominance (ports): false
	Flanges hollow: true
	One shape per flange: false
	Multi threading: true
		max # of threads used: 8
		requested max # of threads: 8
		representation: indexed
		method: multi thread
		retry: no
------------------------------------------------------------------------------------------------
CAD processing settings are set to default
------------------------------------------------------------------------------------------------
Connectivity settings
	Workflow selection: 0
	Workflow version: 20180101
	Gap detection: true
	Gap detection version: 2
	TST version: default, 2.20240218, potentials: not required
	QQ workflow: true
	CoCo workflow: true
	Legacy topology: false
	Connectivity check: false
------------------------------------------------------------------------------------------------
------------------------------------------------------------------------------------------------
CAD Processing Version Info
	ACIS version installed:	34.0.1
	ACIS version used:	34.0.1
------------------------------------------------------------------------------------------------
Success method:	multi-thread-22
************************************************************************************************

-------------------------------------------------
Geometry representation: extended-edge
Shared memory: none
FARM allocation scheme: PA
Parallelization: off
Gap-Detection activated for FARM-topology. Gaps are resolved, even partially.: gap tolerance value is 0.001000 and mesh geometry scale is 0.001000

----------------------
Acceleration mode: CPU
----------------------

Port homogenization method: M2H point index deviation
ccccccccccccccccccccccccccccccccccccccccccccccccccccccccccccccccccccc
FARM/Meshfill cache is set to 8 (local FI domains: 1, dynamic: false)
ccccccccccccccccccccccccccccccccccccccccccccccccccccccccccccccccccccc

=============================================================
Hex cell analyzer settings:
	max number of E fields per mesh edge: 2
	max number of H fields per mesh face: 4
	supporting dual grid: false
	performance improvement: ROI limit: true
	performance improvement: ROI threshold: 2
	performance improvement: single topology extraction: true
	performance improvement: pre-categorize cell volume: true
	periodic align: 0
	periodic cells: true
	homogenization version: pid
=============================================================

---------------------
TST Statistics:
E Split (0 | 0 | 16)
E Adapt (9 | 8 | 10)
B Split (16 | 18 | 0)
B Adapt (0 | 0 | 0)
---------------------

-------------------------------------------------------------
TST Version 2.20240218, tst tiny faces fix: on, TST1 BWC: off
-------------------------------------------------------------

------------------------------------------------------------------------------
+++++++++++++++++++++++++++++++++++++++++++++++++++++
settings for port mode calculation
+++++++++++++++++++++++++++++++++++++++++++++++++++++
PBA fill limit is applied in inverse mode.
PBA fill limit is applied on faces filled with at least 98.63% metal material.
--------------------------------------------------------------
detailed accuracy settings:
--------------------------------------------------------------
augmented fill limit:       true
augmented fill limit value: 98.63
automatic fill limit:       true
early fill limit:           true
inverse fill limit:         true
model complexity:           0.00
legacy 2015:                false
fixed point accuracy:       false
minimum point accuracy:     0
mesh step inheritance:      false
accuracy mode:              
------------------------------------------------------------------------------

--------------------------------------
Glued 0 metal grid points in port area
--------------------------------------

-------------------------------------------------------------------------------
TST aware field source monitor processing forced by environment variable: false
No TST aware field source monitors to be processed
-------------------------------------------------------------------------------

=================================
Finished matrix computation (PBA)
=================================

<<<<<<<<<<<<<<<<<<<<<<<<<<<<<<<<<<<<<<<<<<<<<<<<<<<<<
Tue Tue Apr 14 03:46:39 2026
Resource usage for calculating matrix coefficients:
	Runtime                          00:00:01.00970 s
	Peak Memory Usage:                       113 MB
<<<<<<<<<<<<<<<<<<<<<<<<<<<<<<<<<<<<<<<<<<<<<<<<<<<<<

--------------------------------
# of staircase filled cells: 0
# of staircase filled areas: 0
# of staircase filled edges: 0
# of faces above fill limit: 0
# of edges with FPBA topology: 0
--------------------------------

Frontend-Node:  =======================================================================
                FPBA has been activated in order to calculate connectivity information.
                =======================================================================

>>>>>>>>>>>>>>>>>>>>>>>>>>>>>>>>
Tue Tue Apr 14 03:46:41 2026
started: parallelization control
>>>>>>>>>>>>>>>>>>>>>>>>>>>>>>>>

============================================================================================================
Access to CPU cores has been restricted for this process, reduce number of parallel matrixcalcs from 4 to 8.
============================================================================================================

=================================================================================
 - hardware info
   + cpu name                    : 12th Gen Intel(R) Core(TM) i5-12450H
   + sockets                     : 1
   + cores per socket            : 4
   + hyperthreading              : on
   + ht-units                    : 2
   + efficiency cores            : 4, not used
   + max cpuid level             : 32
   + max cpuid ext. level        : 8
   + numa nodes                  : 1
   + Numa Memory Info
     numa node     installed     available    (MByte)
       0                 0         12009
   + internal cpu info           : CPUID: selected engine is 'Leaf 0xB detection'
performance cores:
apic ids           : 0, 1, 8, 9, 16, 17, 24, 25
apic ids (fallback): 0, 1, 8, 9, 16, 17, 24, 25
from cpu registers: 0, 1, 8, 9, 16, 17, 24, 25
fallback: 0, 1, 8, 9, 16, 17, 24, 25
combined: 0, 1, 8, 9, 16, 17, 24, 25
core 0 type: Intel Core
core 1 type: Intel Core
core 2 type: Intel Core
core 3 type: Intel Core
core 4 type: Intel Core
core 5 type: Intel Core
core 6 type: Intel Core
core 7 type: Intel Core
max id per cpu: 64
SMT mask: 1
Core mask: 3e
Package mask: ffffffc0
set results:
  - packages: 1
  - cores: 4
  - smts: 2
generate core map, new implementation
0, 1, 2, 3, 4, 5, 6, 7
packages: 1
cores   : 4
ht units: 2
efficiency cores:
apic ids           : 40, 42, 44, 46
apic ids (fallback): 40, 42, 44, 46
from cpu registers: 40, 42, 44, 46
fallback: 40, 42, 44, 46
combined: 40, 42, 44, 46
core 0 type: Intel Atom
core 1 type: Intel Atom
core 2 type: Intel Atom
core 3 type: Intel Atom
max id per cpu: 64
SMT mask: 1
Core mask: 3e
Package mask: ffffffc0
set results:
  - packages: 1
  - cores: 4
  - smts: 1
generate core map, new implementation
0, 1, 2, 3
packages: 1
cores   : 4
ht units: 1
 - pinning rule in use   : PINNING_RULE_MCALC_SKIP_ALL
 - desired group         : 0
 - num cores available   : 12
 - efficiency cores      : 4, not used
 - active core list from affinity: 
   + num accessible procs          : 12
   + num logical procs             : 12
   + current affinity (env)        : 0,1,2,3,4,5,6,7,8,9,10,11
   + sockets ids in                : 0
   + core list                  (1): 0,2,4,6,8,9,10,11
 - active cores          : 0,2,4,6,8,9,10,11
 - hyperthreading        : on
 - allowed core ids      : 0,2,4,6
 - allowed core ids (aff): 1010 1010 0000 
 - used mask (string)    : 1010 1010 0000 
=================================================================================

==========================================================================
Version: 2025.1 Release from 2024-10-28 (change 1339251) [Release]
Workflow: QQ-Facets
Operation: [acis, fpba, bg]
Architecture: Windows, ID: AMD64
System Windows-64bit
Using processor group 0/1
Matrix calculation information:
# of Nodes: 0
Concurrency: 0
Start ID: 0
Node ID: 0
HEX Mesh information:
Hex mesh: global: [hxr o(0 | 0 | 0) s(97 | 83 | 37) np (no TSTs): 297887] 
==========================================================================

>>>>>>>>>>>>>>>>>>>>>>>>>>>>>
Tue Tue Apr 14 03:46:41 2026
started: processing CAD model
>>>>>>>>>>>>>>>>>>>>>>>>>>>>>

========================================================================
Processing CAD model (for field results)
	[Improved internal geometry representation]
	[Accuracy improvement for long shapes in inhomogeneous mesh regions]
Version: 2025.1 Release from 2024-10-28 (change 1339251)
PBA version: default, 2.20240218
Model compatibility: 2025.20241028
Sub-Workflow: Facets-QQ-GEX
Workflow updated: -
Tue Tue Apr 14 03:46:41 2026
========================================================================

========================================================================
The maximum supported number of mesh cells without MPI is: 2,147,483,647
========================================================================

===========================================
Finished CAD processing (for field results)
===========================================

<<<<<<<<<<<<<<<<<<<<<<<<<<<<<<<<<<<<<<<<<<<<
Tue Tue Apr 14 03:46:42 2026
Resource usage for processing CAD model:
	Runtime                 00:00:00.00553 s
	Peak Memory Usage:               25 MB
<<<<<<<<<<<<<<<<<<<<<<<<<<<<<<<<<<<<<<<<<<<<

>>>>>>>>>>>>>>>>>>>>>>>>>>>>>
Tue Tue Apr 14 03:46:42 2026
started: processing CAD model
>>>>>>>>>>>>>>>>>>>>>>>>>>>>>

>2026-04-14 03:16:42.00410< matrixcalc_AMD64 @ LAPTOP-4HA561HA:  !!!!!!!!!!!!!!!!!!!!!!!!!!!!!!!!!!!!!!!
                                                                 current system memory usage reached 50%
                                                                 !!!!!!!!!!!!!!!!!!!!!!!!!!!!!!!!!!!!!!!

========================================================================
Processing CAD model
	[Improved internal geometry representation]
	[Accuracy improvement for long shapes in inhomogeneous mesh regions]
Version: 2025.1 Release from 2024-10-28 (change 1339251)
PBA version: default, 2.20240218
Model compatibility: 2025.20241028
Sub-Workflow: Facets-QQ-GEX
Workflow updated: -
Tue Tue Apr 14 03:46:42 2026
========================================================================

---------------------------------------------
Used point accuracy enhancement value: 0.00%.
---------------------------------------------

=============================================================================
Mesh statistics:
-----------------------------------------------------------------------------
Minimum edge length (x): 0.475 @ mesh line 20 (x)
Maximum edge length (x): 6.25 @ mesh line 95 (x)
Minimum face area (x): 0.136 @ mesh lines 43 | 19 (y | z)
Maximum face area (x): 39.6 @ mesh lines 0 | 32 (y | z)
Minimum edge length (y): 0.346 @ mesh line 43 (y)
Maximum edge length (y): 6.25 @ mesh line 0 (y)
Minimum face area (y): 0.186 @ mesh lines 19 | 20 (z | x)
Maximum face area (y): 39.6 @ mesh lines 32 | 95 (z | x)
Minimum edge length (z): 0.391 @ mesh line 19 (z)
Maximum edge length (z): 6.33 @ mesh line 32 (z)
Minimum face area (z): 0.165 @ mesh lines 20 | 43 (x | y)
Maximum face area (z): 39.1 @ mesh lines 95 | 0 (x | y)
Maximum mesh face aspect ratio (x): 18.3 : 1.0  @ mesh lines 43 | 32 (y | z)
Maximum mesh face aspect ratio (y): 16 : 1.0  @ mesh lines 19 | 95 (z | x)
Maximum mesh face aspect ratio (z): 18 : 1.0  @ mesh lines 95 | 43 (x | y)
=============================================================================

============================================================================
Available resources to store TST cells: 2147185760 (720805.46% of mesh size)
============================================================================

========================================================================
The maximum supported number of mesh cells without MPI is: 2,147,483,647
========================================================================

------------------------------------------------------------------------------------------------
Geometry processing log
	PEC background is represented by CAD geometry: false
	Background shape: added
	Multithread portion: 100.00
	Number of CAD shapes: 17
	Number of lumps: 0
------------------------------------------------------------------------------------------------
=========================================
== CST Matrix Calculation Priority Log ==
=========================================
Priorities are sorted in ascending order beginning with the lowest priority
 
Group | Shape-ID | ShapeName | Material | User-priority | 2D/3D-Geometry | Material-attributes | Shape-attributes | Feature-ID | Schemetype
1 | 18 | </cst/Boundaries/> Low^X | $NFSMaterial$ | n/a | no | normal.vacuum. | boundary. | n/a | FIT_TD
1 | 19 | </cst/Boundaries/> Low^Y | $NFSMaterial$ | n/a | no | normal.vacuum. | boundary. | n/a | FIT_TD
1 | 20 | </cst/Boundaries/> Low^Z | $NFSMaterial$ | n/a | no | normal.vacuum. | boundary. | n/a | FIT_TD
1 | 21 | </cst/Boundaries/> Up^X | $NFSMaterial$ | n/a | no | normal.vacuum. | boundary. | n/a | FIT_TD
1 | 22 | </cst/Boundaries/> Up^Y | $NFSMaterial$ | n/a | no | normal.vacuum. | boundary. | n/a | FIT_TD
1 | 23 | </cst/Boundaries/> Up^Z | $NFSMaterial$ | n/a | no | normal.vacuum. | boundary. | n/a | FIT_TD
2 | 16 | component1:substrate | FR-4 (lossy) | n/a | yes | dispersive-mue.normal. | solid. | n/a | FIT_TD
3 | 1 | component1:Feed pin a | Copper (annealed) | n/a | yes | pec.rho.surface-impedance. | solid. | n/a | FIT_TD
3 | 2 | component1:Feed pin b | Copper (annealed) | n/a | yes | pec.rho.surface-impedance. | solid. | n/a | FIT_TD
3 | 3 | component1:Feed pin c | Copper (annealed) | n/a | yes | pec.rho.surface-impedance. | solid. | n/a | FIT_TD
3 | 4 | component1:Left patch a | Copper (annealed) | n/a | yes | pec.rho.surface-impedance. | solid. | n/a | FIT_TD
3 | 5 | component1:backpatch | Copper (annealed) | n/a | yes | pec.rho.surface-impedance. | solid. | n/a | FIT_TD
3 | 6 | component1:feed_layer1 | Copper (annealed) | n/a | yes | pec.rho.surface-impedance. | solid. | n/a | FIT_TD
3 | 7 | component1:ground | Copper (annealed) | n/a | yes | pec.rho.surface-impedance. | solid. | n/a | FIT_TD
3 | 8 | component1:layer3_2 | Copper (annealed) | n/a | yes | pec.rho.surface-impedance. | solid. | n/a | FIT_TD
3 | 9 | component1:layer_3 | Copper (annealed) | n/a | yes | pec.rho.surface-impedance. | solid. | n/a | FIT_TD
3 | 10 | component1:left_patch2 | Copper (annealed) | n/a | yes | pec.rho.surface-impedance. | solid. | n/a | FIT_TD
3 | 11 | component1:microstrip_a | Copper (annealed) | n/a | yes | pec.rho.surface-impedance. | solid. | n/a | FIT_TD
3 | 12 | component1:microstrip_b | Copper (annealed) | n/a | yes | pec.rho.surface-impedance. | solid. | n/a | FIT_TD
3 | 13 | component1:rectangle_patch | Copper (annealed) | n/a | yes | pec.rho.surface-impedance. | solid. | n/a | FIT_TD
3 | 14 | component1:right patch | Copper (annealed) | n/a | yes | pec.rho.surface-impedance. | solid. | n/a | FIT_TD
3 | 15 | component1:short_pin | Copper (annealed) | n/a | yes | pec.rho.surface-impedance. | solid. | n/a | FIT_TD
3 | 17 | component1:top patch | Copper (annealed) | n/a | yes | pec.rho.surface-impedance. | solid. | n/a | FIT_TD
=========================================
************************************************************************************************
General settings
	PBA version: default, 2.20240218, potentials: not required
	Model compatibility: 2025.20241028
	Software version: 2025.1 Release from 2024-10-28 (change 1339251)
------------------------------------------------------------------------------------------------
Geometry processor: default
	Geo accuracy: 0.000000
	Watertightness check: true
	Self intersection check: false
	Inheritance (all): false
	Normal dominance (all): false
	Normal dominance (ports): false
	Flanges hollow: true
	One shape per flange: false
	Multi threading: true
		max # of threads used: 8
		requested max # of threads: 8
		representation: indexed
		method: multi thread
		retry: no
------------------------------------------------------------------------------------------------
CAD processing settings are set to default
------------------------------------------------------------------------------------------------
Connectivity settings
	Workflow selection: 0
	Workflow version: 20190101
	Gap detection: true
	Gap detection version: 2
	TST version: default, 2.20240218, potentials: not required
	QQ workflow: true
	CoCo workflow: true
	Legacy topology: false
	Connectivity check: true
------------------------------------------------------------------------------------------------
------------------------------------------------------------------------------------------------
CAD Processing Version Info
	ACIS version installed:	34.0.1
	ACIS version used:	34.0.1
------------------------------------------------------------------------------------------------
Success method:	multi-thread-22
************************************************************************************************

-------------------------------------------------------------------------------
TST aware field source monitor processing forced by environment variable: false
No TST aware field source monitors to be processed
-------------------------------------------------------------------------------

=======================
Finished CAD processing
=======================

<<<<<<<<<<<<<<<<<<<<<<<<<<<<<<<<<<<<<<<<<<<<
Tue Tue Apr 14 03:46:42 2026
Resource usage for processing CAD model:
	Runtime                 00:00:00.00482 s
	Peak Memory Usage:               26 MB
<<<<<<<<<<<<<<<<<<<<<<<<<<<<<<<<<<<<<<<<<<<<

============================================================================================================
Access to CPU cores has been restricted for this process, reduce number of parallel matrixcalcs from 4 to 8.
============================================================================================================

============================================================================================================
Access to CPU cores has been restricted for this process, reduce number of parallel matrixcalcs from 4 to 8.
============================================================================================================

============================================================================================================
Access to CPU cores has been restricted for this process, reduce number of parallel matrixcalcs from 4 to 8.
============================================================================================================

------------------------------------------------------------
Parallelization Info
------------------------------------------------------------
Hyperthreading active: true
Hyperthreading used: false
Number of concurrent threads: 4
Number of concurrent threads using GPU: 0
Number of node domains: 8
Domains-to-threads scaling: 2
Average FI domain size: 2e+04
Nice mode: true
Delayed matrix calculation start: false
Load balancing: Version 20090403
Number of mesh fill domains: 12
Memory downscale: 1
Shared memory representation: read/write
CPU load: 50.00%
Emptiness: 0.00%
Hex mesh complexity: 0.28339
Geometric complexity: 0.00486
lower size limit of domain (1D): 60
------------------------------------------------------------
Node order
1, 6, 2, 4, 3, 0, 7, 5
------------------------------------------------------------

--------------------------------------------------------------------
Matrix calculation job submit section 0
Currently running jobs: 0
Waiting jobs: 8
Concurrency for section: 4/4
Memory physically installed: 25.3723 GB
Memory currently available: 12.6029 GB
Memory already used: 12.7694 GB
Memory reserved: 0 GB - Scale: 0.6
Matrix calculation @ 1xN-Node 0001
	Mesh coverage: 3247200.00 %
	Estimated peak memory usage per node: 128 MB , tightness: 1.01 %
	GPU acceleration: off
	Processor group: 0
Matrix calculation @ 1xN-Node 0006
	Mesh coverage: 4233600.00 %
	Estimated peak memory usage per node: 94 MB , tightness: 0.75 %
	GPU acceleration: off
	Processor group: 0
Matrix calculation @ 1xN-Node 0002
	Mesh coverage: 3175200.00 %
	Estimated peak memory usage per node: 134 MB , tightness: 1.07 %
	GPU acceleration: off
	Processor group: 0
Matrix calculation @ 1xN-Node 0004
	Mesh coverage: 4132800.00 %
	Estimated peak memory usage per node: 92 MB , tightness: 0.73 %
	GPU acceleration: off
	Processor group: 0
Node distribution on 1 processor group: 4
--------------------------------------------------------------------

-------------------------------------------------------------------
Matrix calculation job submit section 1
Currently running jobs: 3
Waiting jobs: 4
Concurrency for section: 1/4
Memory physically installed: 25.3723 GB
Memory currently available: 12.407 GB
Memory already used: 12.9653 GB
Memory reserved: 0.21347 GB - Scale: 0.6
Matrix calculation @ 1xN-Node 0003
	Mesh coverage: 3326400.00 %
	Estimated peak memory usage per node: 84 MB , tightness: 0.68 %
	GPU acceleration: off
	Processor group: 0
Node distribution on 1 processor group: 4
-------------------------------------------------------------------

-------------------------------------------------------------------
Matrix calculation job submit section 2
Currently running jobs: 3
Waiting jobs: 3
Concurrency for section: 1/4
Memory physically installed: 25.3723 GB
Memory currently available: 12.4445 GB
Memory already used: 12.9279 GB
Memory reserved: 0.207661 GB - Scale: 0.6
Matrix calculation @ 1xN-Node 0000
	Mesh coverage: 3099600.00 %
	Estimated peak memory usage per node: 84 MB , tightness: 0.67 %
	GPU acceleration: off
	Processor group: 0
Node distribution on 1 processor group: 4
-------------------------------------------------------------------

-------------------------------------------------------------------
Matrix calculation job submit section 3
Currently running jobs: 3
Waiting jobs: 2
Concurrency for section: 1/4
Memory physically installed: 25.3723 GB
Memory currently available: 12.3798 GB
Memory already used: 12.9926 GB
Memory reserved: 0.177213 GB - Scale: 0.6
Matrix calculation @ 1xN-Node 0007
	Mesh coverage: 4233600.00 %
	Estimated peak memory usage per node: 82 MB , tightness: 0.66 %
	GPU acceleration: off
	Processor group: 0
Node distribution on 1 processor group: 4
-------------------------------------------------------------------

-------------------------------------------------------------------
Matrix calculation job submit section 4
Currently running jobs: 3
Waiting jobs: 1
Concurrency for section: 1/4
Memory physically installed: 25.3723 GB
Memory currently available: 12.4752 GB
Memory already used: 12.8971 GB
Memory reserved: 0.149846 GB - Scale: 0.6
Matrix calculation @ 1xN-Node 0005
	Mesh coverage: 4132800.00 %
	Estimated peak memory usage per node: 82 MB , tightness: 0.66 %
	GPU acceleration: off
	Processor group: 0
Node distribution on 1 processor group: 4
-------------------------------------------------------------------

------------------------------------
Mesh: # of points excl. TSTs: 297887
      # of points incl. TSTs: 306883
------------------------------------

===========================================
Data rearrangement statistics:
Disk IO directories:	00:00:00.0000
Disk IO node domain files:	00:00:00.0141
Disk IO FI domain files:	00:00:00.0000
Disk IO meta information:	00:00:00.0012
Sequential merge (TST):	00:00:00.0000
===========================================

1xN000:  ========================================================================
         [Boundaries] - MCalc
         open-add-space, mpi, open-add-space, mpi, open-add-space, open-add-space
         ========================================================================

1xN000:  ========================================
         [Mesh] Matrix calculation - NO ACIS mode
         [Mesh] 1xN MPI or parallelization mode
         ========================================

1xN000:  =============================
         [Mesh] Expansion: 0 2 0 2 0 0
         =============================

1xN000:  ==================================================
         [Mesh] world: o(0000,0000,0000) e(0097,0083,0037)
         [Mesh] l-1xN: o(0000,0000,0000) e(0022,0042,0037)
         [Mesh] e-1xN: o(0000,0000,0000) e(0024,0044,0037)
         [Mesh] g-MPI: not available
         [Mesh] bound offset: (0 | 2 | 0)
         ==================================================

1xN000:  =================================================================================
          - hardware info
            + cpu name                    : 12th Gen Intel(R) Core(TM) i5-12450H
            + sockets                     : 1
            + cores per socket            : 4
            + hyperthreading              : on
            + ht-units                    : 2
            + efficiency cores            : 4, not used
            + max cpuid level             : 32
            + max cpuid ext. level        : 8
            + numa nodes                  : 1
            + Numa Memory Info
              numa node     installed     available    (MByte)
                0                 0         11866
            + internal cpu info           : CPUID: selected engine is 'Leaf 0xB detection'
         performance cores:
         apic ids           : 0, 1, 8, 9, 16, 17, 24, 25
         apic ids (fallback): 0, 1, 8, 9, 16, 17, 24, 25
         from cpu registers: 0, 1, 8, 9, 16, 17, 24, 25
         fallback: 0, 1, 8, 9, 16, 17, 24, 25
         combined: 0, 1, 8, 9, 16, 17, 24, 25
         core 0 type: Intel Core
         core 1 type: Intel Core
         core 2 type: Intel Core
         core 3 type: Intel Core
         core 4 type: Intel Core
         core 5 type: Intel Core
         core 6 type: Intel Core
         core 7 type: Intel Core
         max id per cpu: 64
         SMT mask: 1
         Core mask: 3e
         Package mask: ffffffc0
         set results:
           - packages: 1
           - cores: 4
           - smts: 2
         generate core map, new implementation
         0, 1, 2, 3, 4, 5, 6, 7
         packages: 1
         cores   : 4
         ht units: 2
         efficiency cores:
         apic ids           : 40, 42, 44, 46
         apic ids (fallback): 40, 42, 44, 46
         from cpu registers: 40, 42, 44, 46
         fallback: 40, 42, 44, 46
         combined: 40, 42, 44, 46
         core 0 type: Intel Atom
         core 1 type: Intel Atom
         core 2 type: Intel Atom
         core 3 type: Intel Atom
         max id per cpu: 64
         SMT mask: 1
         Core mask: 3e
         Package mask: ffffffc0
         set results:
           - packages: 1
           - cores: 4
           - smts: 1
         generate core map, new implementation
         0, 1, 2, 3
         packages: 1
         cores   : 4
         ht units: 1
          - pinning rule in use   : PINNING_RULE_MCALC_SKIP_ALL
          - desired group         : 0
          - num cores available   : 12
          - efficiency cores      : 4, not used
          - active core list from affinity:
            + num accessible procs          : 12
            + num logical procs             : 12
            + current affinity (env)        : 0,1,2,3,4,5,6,7,8,9,10,11
            + sockets ids in                : 0
            + core list                  (1): 0,1,2,3,4,5,6,7,8,9,10,11
          - active cores          : 0,1,2,3,4,5,6,7,8,9,10,11
          - hyperthreading        : on
          - skip pinning: + allowed number of sockets = available number of sockets
                          + hyperthreading allowed by solver
         =================================================================================

1xN000:  ===================================================================================================
         Version: 2025.1 Release from 2024-10-28 (change 1339251) [Release]
         Workflow: PBA matrix coefficients
         Operation: [fpba, meshfill, bg, port-path, tst, tst-nextgen, coeff, surface-imp, connectivity-tree]
         Architecture: Windows, ID: AMD64
         System Windows-64bit
         Using processor group 0/1
         Matrix calculation information:
         # of Nodes: 8
         Concurrency: 4
         Start ID: 5
         Node ID: 0
         HEX Mesh information:
         Hex mesh: node: [hxr o(0 | 0 | 0) s(22 | 42 | 37) np (no TSTs): 34188]
         Hex mesh: extended: [hxr o(0 | 0 | 0) s(24 | 44 | 37) np (no TSTs): 39072]
         ===================================================================================================

1xN000:  -----------------------------------------------------
         Memory status on node "1xN000" for matrix calculation
         	Estimated memory consumption: 0.0835081 GB
         	Physical memory installed: 25.3723 GB
         	Available physical memory: 12.4252 GB
         	Available relative memory: 48.9714 %
         -----------------------------------------------------

1xN000:  >>>>>>>>>>>>>>>>>>>>>>>>>>>>>>>>>>>>>>>>>>>>>>>>>
         Tue Tue Apr 14 03:46:47 2026
         started: calculating matrix coefficients per node
         >>>>>>>>>>>>>>>>>>>>>>>>>>>>>>>>>>>>>>>>>>>>>>>>>

1xN000:  ============================================================
         Matrix computation (PBA)
         	[Perfect Boundary Approximation (PBA), version: default]
         	[GPU acceleration: off (by user)]
         Version: 2025.1 Release from 2024-10-28 (change 1339251)
         PBA version: default, 2.20240218
         Model compatibility: 2025.20241028
         Sub-Workflow: FARM-1xN-TST2-Node
         Workflow updated: -
         Tue Tue Apr 14 03:46:47 2026
         ============================================================

1xN000:  ---------------------------------------------
         Used point accuracy enhancement value: 0.00%.
         ---------------------------------------------

1xN000:  -------------------------------------------------
         Geometry representation: shared-attached
         Shared memory: read-only
         FARM allocation scheme: PA
         Parallelization: on, used

1xN000:  Gap-Detection activated for FARM-topology. Gaps are resolved, even partially.: gap tolerance value is 0.001000 and mesh geometry scale is 0.001000
1xN000:
1xN000:



1xN000:  ----------------------
         Acceleration mode: CPU
         ----------------------

1xN000:  Port homogenization method: M2H point index deviation
1xN000:  cccccccccccccccccccccccccccccccccccccccccccccccccccccccccccccccccccc
         FARM/Meshfill cache is set to 8 (local FI domains: 4, dynamic: true)
         cccccccccccccccccccccccccccccccccccccccccccccccccccccccccccccccccccc

1xN000:  =============================================================
         Hex cell analyzer settings:
         	max number of E fields per mesh edge: 2
         	max number of H fields per mesh face: 4
         	supporting dual grid: false
         	performance improvement: ROI limit: true
         	performance improvement: ROI threshold: 2
         	performance improvement: single topology extraction: true
         	performance improvement: pre-categorize cell volume: true
         	periodic align: 0
         	periodic cells: true
         	homogenization version: pid
         =============================================================

1xN000:  ------------------------
         TST Statistics:
         E Split (0 | 8 | 606)
         E Adapt (575 | 602 | 46)
         B Split (606 | 572 | 6)
         B Adapt (8 | 35 | 1)
         ------------------------

1xN000:  -------------------------------------------------------------
         TST Version 2.20240218, tst tiny faces fix: on, TST1 BWC: off
         -------------------------------------------------------------

1xN000:  ssssssssssssssssssssssssssssssssssssssssss
         # of curls with SI accuracy enhancement: 0
         ssssssssssssssssssssssssssssssssssssssssss

1xN000:  ------------------------------------------------------------------------------
         PBA fill limit is applied in inverse mode.
         PBA fill limit is applied on faces filled with at least 96.76% metal material.
         --------------------------------------------------------------
         detailed accuracy settings:
         --------------------------------------------------------------
         augmented fill limit:       true
         augmented fill limit value: 96.76
         automatic fill limit:       true
         early fill limit:           true
         inverse fill limit:         true
         model complexity:           0.00
         legacy 2015:                false
         fixed point accuracy:       false
         minimum point accuracy:     0
         mesh step inheritance:      false
         accuracy mode:
         ------------------------------------------------------------------------------

1xN000:  -------------------------------------------------------------------------------
         TST aware field source monitor processing forced by environment variable: false
         No TST aware field source monitors to be processed
         -------------------------------------------------------------------------------

1xN000:  =================================
         Finished matrix computation (PBA)
         =================================

1xN000:  <<<<<<<<<<<<<<<<<<<<<<<<<<<<<<<<<<<<<<<<<<<<<<<<<<<<<<<<<<<<
         Tue Tue Apr 14 03:46:49 2026
         Resource usage for calculating matrix coefficients per node:
         	Runtime                          00:00:02.00552 s
         	Peak Memory Estimation:                   84 MB
         	Peak Memory Usage:                        44 MB
         <<<<<<<<<<<<<<<<<<<<<<<<<<<<<<<<<<<<<<<<<<<<<<<<<<<<<<<<<<<<



1xN001:  =============================================================
         [Boundaries] - MCalc
         mpi, mpi, open-add-space, mpi, open-add-space, open-add-space
         =============================================================

1xN001:  ========================================
         [Mesh] Matrix calculation - NO ACIS mode
         [Mesh] 1xN MPI or parallelization mode
         ========================================

1xN001:  ==============================
         [Mesh] Expansion: -2 2 0 2 0 0
         ==============================

1xN001:  ==================================================
         [Mesh] world: o(0000,0000,0000) e(0097,0083,0037)
         [Mesh] l-1xN: o(0020,0000,0000) e(0043,0042,0037)
         [Mesh] e-1xN: o(0018,0000,0000) e(0045,0044,0037)
         [Mesh] g-MPI: not available
         [Mesh] bound offset: (-2 | 2 | 0)
         ==================================================

1xN001:  =================================================================================
          - hardware info
            + cpu name                    : 12th Gen Intel(R) Core(TM) i5-12450H
            + sockets                     : 1
            + cores per socket            : 4
            + hyperthreading              : on
            + ht-units                    : 2
            + efficiency cores            : 4, not used
            + max cpuid level             : 32
            + max cpuid ext. level        : 8
            + numa nodes                  : 1
            + Numa Memory Info
              numa node     installed     available    (MByte)
                0                 0         12017
            + internal cpu info           : CPUID: selected engine is 'Leaf 0xB detection'
         performance cores:
         apic ids           : 0, 1, 8, 9, 16, 17, 24, 25
         apic ids (fallback): 0, 1, 8, 9, 16, 17, 24, 25
         from cpu registers: 0, 1, 8, 9, 16, 17, 24, 25
         fallback: 0, 1, 8, 9, 16, 17, 24, 25
         combined: 0, 1, 8, 9, 16, 17, 24, 25
         core 0 type: Intel Core
         core 1 type: Intel Core
         core 2 type: Intel Core
         core 3 type: Intel Core
         core 4 type: Intel Core
         core 5 type: Intel Core
         core 6 type: Intel Core
         core 7 type: Intel Core
         max id per cpu: 64
         SMT mask: 1
         Core mask: 3e
         Package mask: ffffffc0
         set results:
           - packages: 1
           - cores: 4
           - smts: 2
         generate core map, new implementation
         0, 1, 2, 3, 4, 5, 6, 7
         packages: 1
         cores   : 4
         ht units: 2
         efficiency cores:
         apic ids           : 40, 42, 44, 46
         apic ids (fallback): 40, 42, 44, 46
         from cpu registers: 40, 42, 44, 46
         fallback: 40, 42, 44, 46
         combined: 40, 42, 44, 46
         core 0 type: Intel Atom
         core 1 type: Intel Atom
         core 2 type: Intel Atom
         core 3 type: Intel Atom
         max id per cpu: 64
         SMT mask: 1
         Core mask: 3e
         Package mask: ffffffc0
         set results:
           - packages: 1
           - cores: 4
           - smts: 1
         generate core map, new implementation
         0, 1, 2, 3
         packages: 1
         cores   : 4
         ht units: 1
          - pinning rule in use   : PINNING_RULE_MCALC_SKIP_ALL
          - desired group         : 0
          - num cores available   : 12
          - efficiency cores      : 4, not used
          - active core list from affinity:
            + num accessible procs          : 12
            + num logical procs             : 12
            + current affinity (env)        : 0,1,2,3,4,5,6,7,8,9,10,11
            + sockets ids in                : 0
            + core list                  (1): 0,1,2,3,4,5,6,7,8,9,10,11
          - active cores          : 0,1,2,3,4,5,6,7,8,9,10,11
          - hyperthreading        : on
          - skip pinning: + allowed number of sockets = available number of sockets
                          + hyperthreading allowed by solver
         =================================================================================

1xN001:  ===================================================================================================
         Version: 2025.1 Release from 2024-10-28 (change 1339251) [Release]
         Workflow: PBA matrix coefficients
         Operation: [fpba, meshfill, bg, port-path, tst, tst-nextgen, coeff, surface-imp, connectivity-tree]
         Architecture: Windows, ID: AMD64
         System Windows-64bit
         Using processor group 0/1
         Matrix calculation information:
         # of Nodes: 8
         Concurrency: 4
         Start ID: 0
         Node ID: 1
         HEX Mesh information:
         Hex mesh: node: [hxr o(20 | 0 | 0) s(23 | 42 | 37) np (no TSTs): 35742]
         Hex mesh: extended: [hxr o(18 | 0 | 0) s(27 | 44 | 37) np (no TSTs): 43956]
         ===================================================================================================

1xN001:  -----------------------------------------------------
         Memory status on node "1xN001" for matrix calculation
         	Estimated memory consumption: 0.127615 GB
         	Physical memory installed: 25.3723 GB
         	Available physical memory: 12.564 GB
         	Available relative memory: 49.5186 %
         -----------------------------------------------------

1xN001:  >>>>>>>>>>>>>>>>>>>>>>>>>>>>>>>>>>>>>>>>>>>>>>>>>
         Tue Tue Apr 14 03:46:43 2026
         started: calculating matrix coefficients per node
         >>>>>>>>>>>>>>>>>>>>>>>>>>>>>>>>>>>>>>>>>>>>>>>>>

1xN001:  ============================================================
         Matrix computation (PBA)
         	[Perfect Boundary Approximation (PBA), version: default]
         	[GPU acceleration: off (by user)]
         Version: 2025.1 Release from 2024-10-28 (change 1339251)
         PBA version: default, 2.20240218
         Model compatibility: 2025.20241028
         Sub-Workflow: FARM-1xN-TST2-Node
         Workflow updated: -
         Tue Tue Apr 14 03:46:43 2026
         ============================================================

1xN001:  ---------------------------------------------
         Used point accuracy enhancement value: 0.00%.
         ---------------------------------------------

1xN001:  -------------------------------------------------
         Geometry representation: shared-attached
         Shared memory: read-only
         FARM allocation scheme: PA
         Parallelization: on, used

1xN001:  Gap-Detection activated for FARM-topology. Gaps are resolved, even partially.: gap tolerance value is 0.001000 and mesh geometry scale is 0.001000
1xN001:
1xN001:



1xN001:  ----------------------
         Acceleration mode: CPU
         ----------------------

1xN001:  Port homogenization method: M2H point index deviation
1xN001:  cccccccccccccccccccccccccccccccccccccccccccccccccccccccccccccccccccc
         FARM/Meshfill cache is set to 8 (local FI domains: 8, dynamic: true)
         cccccccccccccccccccccccccccccccccccccccccccccccccccccccccccccccccccc

1xN001:  =============================================================
         Hex cell analyzer settings:
         	max number of E fields per mesh edge: 2
         	max number of H fields per mesh face: 4
         	supporting dual grid: false
         	performance improvement: ROI limit: true
         	performance improvement: ROI threshold: 2
         	performance improvement: single topology extraction: true
         	performance improvement: pre-categorize cell volume: true
         	periodic align: 0
         	periodic cells: true
         	homogenization version: pid
         =============================================================

1xN001:  --------------------------
         TST Statistics:
         E Split (4 | 24 | 1260)
         E Adapt (1143 | 1252 | 39)
         B Split (1264 | 1134 | 23)
         B Adapt (27 | 106 | 4)
         --------------------------

1xN001:  -------------------------------------------------------------
         TST Version 2.20240218, tst tiny faces fix: on, TST1 BWC: off
         -------------------------------------------------------------

1xN001:  ssssssssssssssssssssssssssssssssssssssssss
         # of curls with SI accuracy enhancement: 0
         ssssssssssssssssssssssssssssssssssssssssss

1xN001:  ------------------------------------------------------------------------------
         PBA fill limit is applied in inverse mode.
         PBA fill limit is applied on faces filled with at least 96.76% metal material.
         --------------------------------------------------------------
         detailed accuracy settings:
         --------------------------------------------------------------
         augmented fill limit:       true
         augmented fill limit value: 96.76
         automatic fill limit:       true
         early fill limit:           true
         inverse fill limit:         true
         model complexity:           0.00
         legacy 2015:                false
         fixed point accuracy:       false
         minimum point accuracy:     0
         mesh step inheritance:      false
         accuracy mode:
         ------------------------------------------------------------------------------

1xN001:  -------------------------------------------------------------------------------
         TST aware field source monitor processing forced by environment variable: false
         No TST aware field source monitors to be processed
         -------------------------------------------------------------------------------

1xN001:  =================================
         Finished matrix computation (PBA)
         =================================

1xN001:  <<<<<<<<<<<<<<<<<<<<<<<<<<<<<<<<<<<<<<<<<<<<<<<<<<<<<<<<<<<<
         Tue Tue Apr 14 03:46:47 2026
         Resource usage for calculating matrix coefficients per node:
         	Runtime                          00:00:03.00953 s
         	Peak Memory Estimation:                  128 MB
         	Peak Memory Usage:                        71 MB
         <<<<<<<<<<<<<<<<<<<<<<<<<<<<<<<<<<<<<<<<<<<<<<<<<<<<<<<<<<<<



1xN002:  =============================================================
         [Boundaries] - MCalc
         open-add-space, mpi, mpi, mpi, open-add-space, open-add-space
         =============================================================

1xN002:  ========================================
         [Mesh] Matrix calculation - NO ACIS mode
         [Mesh] 1xN MPI or parallelization mode
         ========================================

1xN002:  ==============================
         [Mesh] Expansion: 0 2 -2 2 0 0
         ==============================

1xN002:  ==================================================
         [Mesh] world: o(0000,0000,0000) e(0097,0083,0037)
         [Mesh] l-1xN: o(0000,0040,0000) e(0043,0062,0037)
         [Mesh] e-1xN: o(0000,0038,0000) e(0045,0064,0037)
         [Mesh] g-MPI: not available
         [Mesh] bound offset: (0 | 2 | -2)
         ==================================================

1xN002:  =================================================================================
          - hardware info
            + cpu name                    : 12th Gen Intel(R) Core(TM) i5-12450H
            + sockets                     : 1
            + cores per socket            : 4
            + hyperthreading              : on
            + ht-units                    : 2
            + efficiency cores            : 4, not used
            + max cpuid level             : 32
            + max cpuid ext. level        : 8
            + numa nodes                  : 1
            + Numa Memory Info
              numa node     installed     available    (MByte)
                0                 0         12014
            + internal cpu info           : CPUID: selected engine is 'Leaf 0xB detection'
         performance cores:
         apic ids           : 0, 1, 8, 9, 16, 17, 24, 25
         apic ids (fallback): 0, 1, 8, 9, 16, 17, 24, 25
         from cpu registers: 0, 1, 8, 9, 16, 17, 24, 25
         fallback: 0, 1, 8, 9, 16, 17, 24, 25
         combined: 0, 1, 8, 9, 16, 17, 24, 25
         core 0 type: Intel Core
         core 1 type: Intel Core
         core 2 type: Intel Core
         core 3 type: Intel Core
         core 4 type: Intel Core
         core 5 type: Intel Core
         core 6 type: Intel Core
         core 7 type: Intel Core
         max id per cpu: 64
         SMT mask: 1
         Core mask: 3e
         Package mask: ffffffc0
         set results:
           - packages: 1
           - cores: 4
           - smts: 2
         generate core map, new implementation
         0, 1, 2, 3, 4, 5, 6, 7
         packages: 1
         cores   : 4
         ht units: 2
         efficiency cores:
         apic ids           : 40, 42, 44, 46
         apic ids (fallback): 40, 42, 44, 46
         from cpu registers: 40, 42, 44, 46
         fallback: 40, 42, 44, 46
         combined: 40, 42, 44, 46
         core 0 type: Intel Atom
         core 1 type: Intel Atom
         core 2 type: Intel Atom
         core 3 type: Intel Atom
         max id per cpu: 64
         SMT mask: 1
         Core mask: 3e
         Package mask: ffffffc0
         set results:
           - packages: 1
           - cores: 4
           - smts: 1
         generate core map, new implementation
         0, 1, 2, 3
         packages: 1
         cores   : 4
         ht units: 1
          - pinning rule in use   : PINNING_RULE_MCALC_SKIP_ALL
          - desired group         : 0
          - num cores available   : 12
          - efficiency cores      : 4, not used
          - active core list from affinity:
            + num accessible procs          : 12
            + num logical procs             : 12
            + current affinity (env)        : 0,1,2,3,4,5,6,7,8,9,10,11
            + sockets ids in                : 0
            + core list                  (1): 0,1,2,3,4,5,6,7,8,9,10,11
          - active cores          : 0,1,2,3,4,5,6,7,8,9,10,11
          - hyperthreading        : on
          - skip pinning: + allowed number of sockets = available number of sockets
                          + hyperthreading allowed by solver
         =================================================================================

1xN002:  ===================================================================================================
         Version: 2025.1 Release from 2024-10-28 (change 1339251) [Release]
         Workflow: PBA matrix coefficients
         Operation: [fpba, meshfill, bg, port-path, tst, tst-nextgen, coeff, surface-imp, connectivity-tree]
         Architecture: Windows, ID: AMD64
         System Windows-64bit
         Using processor group 0/1
         Matrix calculation information:
         # of Nodes: 8
         Concurrency: 4
         Start ID: 2
         Node ID: 2
         HEX Mesh information:
         Hex mesh: node: [hxr o(0 | 40 | 0) s(43 | 22 | 37) np (no TSTs): 35002]
         Hex mesh: extended: [hxr o(0 | 38 | 0) s(45 | 26 | 37) np (no TSTs): 43290]
         ===================================================================================================

1xN002:  -----------------------------------------------------
         Memory status on node "1xN002" for matrix calculation
         	Estimated memory consumption: 0.134255 GB
         	Physical memory installed: 25.3723 GB
         	Available physical memory: 12.5619 GB
         	Available relative memory: 49.5103 %
         -----------------------------------------------------

1xN002:  >>>>>>>>>>>>>>>>>>>>>>>>>>>>>>>>>>>>>>>>>>>>>>>>>
         Tue Tue Apr 14 03:46:43 2026
         started: calculating matrix coefficients per node
         >>>>>>>>>>>>>>>>>>>>>>>>>>>>>>>>>>>>>>>>>>>>>>>>>

1xN002:  ============================================================
         Matrix computation (PBA)
         	[Perfect Boundary Approximation (PBA), version: default]
         	[GPU acceleration: off (by user)]
         Version: 2025.1 Release from 2024-10-28 (change 1339251)
         PBA version: default, 2.20240218
         Model compatibility: 2025.20241028
         Sub-Workflow: FARM-1xN-TST2-Node
         Workflow updated: -
         Tue Tue Apr 14 03:46:43 2026
         ============================================================

1xN002:  ---------------------------------------------
         Used point accuracy enhancement value: 0.00%.
         ---------------------------------------------

1xN002:  -------------------------------------------------
         Geometry representation: shared-attached
         Shared memory: read-only
         FARM allocation scheme: PA
         Parallelization: on, used

1xN002:  Gap-Detection activated for FARM-topology. Gaps are resolved, even partially.: gap tolerance value is 0.001000 and mesh geometry scale is 0.001000
1xN002:
1xN002:



1xN002:  ----------------------
         Acceleration mode: CPU
         ----------------------

1xN002:  Port homogenization method: M2H point index deviation
1xN002:  cccccccccccccccccccccccccccccccccccccccccccccccccccccccccccccccccccc
         FARM/Meshfill cache is set to 8 (local FI domains: 8, dynamic: true)
         cccccccccccccccccccccccccccccccccccccccccccccccccccccccccccccccccccc

1xN002:  =============================================================
         Hex cell analyzer settings:
         	max number of E fields per mesh edge: 2
         	max number of H fields per mesh face: 4
         	supporting dual grid: false
         	performance improvement: ROI limit: true
         	performance improvement: ROI threshold: 2
         	performance improvement: single topology extraction: true
         	performance improvement: pre-categorize cell volume: true
         	periodic align: 0
         	periodic cells: true
         	homogenization version: pid
         =============================================================

1xN002:  --------------------------
         TST Statistics:
         E Split (14 | 28 | 1366)
         E Adapt (1312 | 1306 | 42)
         B Split (1322 | 1316 | 28)
         B Adapt (31 | 85 | 7)
         --------------------------

1xN002:  -------------------------------------------------------------
         TST Version 2.20240218, tst tiny faces fix: on, TST1 BWC: off
         -------------------------------------------------------------

1xN002:  ssssssssssssssssssssssssssssssssssssssssss
         # of curls with SI accuracy enhancement: 0
         ssssssssssssssssssssssssssssssssssssssssss

1xN002:  ------------------------------------------------------------------------------
         PBA fill limit is applied in inverse mode.
         PBA fill limit is applied on faces filled with at least 96.76% metal material.
         --------------------------------------------------------------
         detailed accuracy settings:
         --------------------------------------------------------------
         augmented fill limit:       true
         augmented fill limit value: 96.76
         automatic fill limit:       true
         early fill limit:           true
         inverse fill limit:         true
         model complexity:           0.00
         legacy 2015:                false
         fixed point accuracy:       false
         minimum point accuracy:     0
         mesh step inheritance:      false
         accuracy mode:
         ------------------------------------------------------------------------------

1xN002:  -------------------------------------------------------------------------------
         TST aware field source monitor processing forced by environment variable: false
         No TST aware field source monitors to be processed
         -------------------------------------------------------------------------------

1xN002:  =================================
         Finished matrix computation (PBA)
         =================================

1xN002:  <<<<<<<<<<<<<<<<<<<<<<<<<<<<<<<<<<<<<<<<<<<<<<<<<<<<<<<<<<<<
         Tue Tue Apr 14 03:46:47 2026
         Resource usage for calculating matrix coefficients per node:
         	Runtime                          00:00:03.00711 s
         	Peak Memory Estimation:                  134 MB
         	Peak Memory Usage:                        69 MB
         <<<<<<<<<<<<<<<<<<<<<<<<<<<<<<<<<<<<<<<<<<<<<<<<<<<<<<<<<<<<



1xN003:  ========================================================================
         [Boundaries] - MCalc
         open-add-space, mpi, mpi, open-add-space, open-add-space, open-add-space
         ========================================================================

1xN003:  ========================================
         [Mesh] Matrix calculation - NO ACIS mode
         [Mesh] 1xN MPI or parallelization mode
         ========================================

1xN003:  ==============================
         [Mesh] Expansion: 0 2 -2 0 0 0
         ==============================

1xN003:  ==================================================
         [Mesh] world: o(0000,0000,0000) e(0097,0083,0037)
         [Mesh] l-1xN: o(0000,0060,0000) e(0043,0083,0037)
         [Mesh] e-1xN: o(0000,0058,0000) e(0045,0083,0037)
         [Mesh] g-MPI: not available
         [Mesh] bound offset: (0 | 2 | -2)
         ==================================================

1xN003:  =================================================================================
          - hardware info
            + cpu name                    : 12th Gen Intel(R) Core(TM) i5-12450H
            + sockets                     : 1
            + cores per socket            : 4
            + hyperthreading              : on
            + ht-units                    : 2
            + efficiency cores            : 4, not used
            + max cpuid level             : 32
            + max cpuid ext. level        : 8
            + numa nodes                  : 1
            + Numa Memory Info
              numa node     installed     available    (MByte)
                0                 0         11832
            + internal cpu info           : CPUID: selected engine is 'Leaf 0xB detection'
         performance cores:
         apic ids           : 0, 1, 8, 9, 16, 17, 24, 25
         apic ids (fallback): 0, 1, 8, 9, 16, 17, 24, 25
         from cpu registers: 0, 1, 8, 9, 16, 17, 24, 25
         fallback: 0, 1, 8, 9, 16, 17, 24, 25
         combined: 0, 1, 8, 9, 16, 17, 24, 25
         core 0 type: Intel Core
         core 1 type: Intel Core
         core 2 type: Intel Core
         core 3 type: Intel Core
         core 4 type: Intel Core
         core 5 type: Intel Core
         core 6 type: Intel Core
         core 7 type: Intel Core
         max id per cpu: 64
         SMT mask: 1
         Core mask: 3e
         Package mask: ffffffc0
         set results:
           - packages: 1
           - cores: 4
           - smts: 2
         generate core map, new implementation
         0, 1, 2, 3, 4, 5, 6, 7
         packages: 1
         cores   : 4
         ht units: 2
         efficiency cores:
         apic ids           : 40, 42, 44, 46
         apic ids (fallback): 40, 42, 44, 46
         from cpu registers: 40, 42, 44, 46
         fallback: 40, 42, 44, 46
         combined: 40, 42, 44, 46
         core 0 type: Intel Atom
         core 1 type: Intel Atom
         core 2 type: Intel Atom
         core 3 type: Intel Atom
         max id per cpu: 64
         SMT mask: 1
         Core mask: 3e
         Package mask: ffffffc0
         set results:
           - packages: 1
           - cores: 4
           - smts: 1
         generate core map, new implementation
         0, 1, 2, 3
         packages: 1
         cores   : 4
         ht units: 1
          - pinning rule in use   : PINNING_RULE_MCALC_SKIP_ALL
          - desired group         : 0
          - num cores available   : 12
          - efficiency cores      : 4, not used
          - active core list from affinity:
            + num accessible procs          : 12
            + num logical procs             : 12
            + current affinity (env)        : 0,1,2,3,4,5,6,7,8,9,10,11
            + sockets ids in                : 0
            + core list                  (1): 0,1,2,3,4,5,6,7,8,9,10,11
          - active cores          : 0,1,2,3,4,5,6,7,8,9,10,11
          - hyperthreading        : on
          - skip pinning: + allowed number of sockets = available number of sockets
                          + hyperthreading allowed by solver
         =================================================================================

1xN003:  ===================================================================================================
         Version: 2025.1 Release from 2024-10-28 (change 1339251) [Release]
         Workflow: PBA matrix coefficients
         Operation: [fpba, meshfill, bg, port-path, tst, tst-nextgen, coeff, surface-imp, connectivity-tree]
         Architecture: Windows, ID: AMD64
         System Windows-64bit
         Using processor group 0/1
         Matrix calculation information:
         # of Nodes: 8
         Concurrency: 4
         Start ID: 4
         Node ID: 3
         HEX Mesh information:
         Hex mesh: node: [hxr o(0 | 60 | 0) s(43 | 23 | 37) np (no TSTs): 36593]
         Hex mesh: extended: [hxr o(0 | 58 | 0) s(45 | 25 | 37) np (no TSTs): 41625]
         ===================================================================================================

1xN003:  -----------------------------------------------------
         Memory status on node "1xN003" for matrix calculation
         	Estimated memory consumption: 0.0842315 GB
         	Physical memory installed: 25.3723 GB
         	Available physical memory: 12.4265 GB
         	Available relative memory: 48.9765 %
         -----------------------------------------------------

1xN003:  >>>>>>>>>>>>>>>>>>>>>>>>>>>>>>>>>>>>>>>>>>>>>>>>>
         Tue Tue Apr 14 03:46:46 2026
         started: calculating matrix coefficients per node
         >>>>>>>>>>>>>>>>>>>>>>>>>>>>>>>>>>>>>>>>>>>>>>>>>

1xN003:  ============================================================
         Matrix computation (PBA)
         	[Perfect Boundary Approximation (PBA), version: default]
         	[GPU acceleration: off (by user)]
         Version: 2025.1 Release from 2024-10-28 (change 1339251)
         PBA version: default, 2.20240218
         Model compatibility: 2025.20241028
         Sub-Workflow: FARM-1xN-TST2-Node
         Workflow updated: -
         Tue Tue Apr 14 03:46:46 2026
         ============================================================

1xN003:  ---------------------------------------------
         Used point accuracy enhancement value: 0.00%.
         ---------------------------------------------

1xN003:  -------------------------------------------------
         Geometry representation: shared-attached
         Shared memory: read-only
         FARM allocation scheme: PA
         Parallelization: on, used

1xN003:  Gap-Detection activated for FARM-topology. Gaps are resolved, even partially.: gap tolerance value is 0.001000 and mesh geometry scale is 0.001000
1xN003:
1xN003:



1xN003:  ----------------------
         Acceleration mode: CPU
         ----------------------

1xN003:  Port homogenization method: M2H point index deviation
1xN003:  cccccccccccccccccccccccccccccccccccccccccccccccccccccccccccccccccccc
         FARM/Meshfill cache is set to 8 (local FI domains: 4, dynamic: true)
         cccccccccccccccccccccccccccccccccccccccccccccccccccccccccccccccccccc

1xN003:  =============================================================
         Hex cell analyzer settings:
         	max number of E fields per mesh edge: 2
         	max number of H fields per mesh face: 4
         	supporting dual grid: false
         	performance improvement: ROI limit: true
         	performance improvement: ROI threshold: 2
         	performance improvement: single topology extraction: true
         	performance improvement: pre-categorize cell volume: true
         	periodic align: 0
         	periodic cells: true
         	homogenization version: pid
         =============================================================

1xN003:  ------------------------
         TST Statistics:
         E Split (0 | 0 | 678)
         E Adapt (642 | 658 | 37)
         B Split (658 | 642 | 0)
         B Adapt (10 | 31 | 0)
         ------------------------

1xN003:  -------------------------------------------------------------
         TST Version 2.20240218, tst tiny faces fix: on, TST1 BWC: off
         -------------------------------------------------------------

1xN003:  ssssssssssssssssssssssssssssssssssssssssss
         # of curls with SI accuracy enhancement: 0
         ssssssssssssssssssssssssssssssssssssssssss

1xN003:  ------------------------------------------------------------------------------
         PBA fill limit is applied in inverse mode.
         PBA fill limit is applied on faces filled with at least 96.76% metal material.
         --------------------------------------------------------------
         detailed accuracy settings:
         --------------------------------------------------------------
         augmented fill limit:       true
         augmented fill limit value: 96.76
         automatic fill limit:       true
         early fill limit:           true
         inverse fill limit:         true
         model complexity:           0.00
         legacy 2015:                false
         fixed point accuracy:       false
         minimum point accuracy:     0
         mesh step inheritance:      false
         accuracy mode:
         ------------------------------------------------------------------------------

1xN003:  -------------------------------------------------------------------------------
         TST aware field source monitor processing forced by environment variable: false
         No TST aware field source monitors to be processed
         -------------------------------------------------------------------------------

1xN003:  =================================
         Finished matrix computation (PBA)
         =================================

1xN003:  <<<<<<<<<<<<<<<<<<<<<<<<<<<<<<<<<<<<<<<<<<<<<<<<<<<<<<<<<<<<
         Tue Tue Apr 14 03:46:48 2026
         Resource usage for calculating matrix coefficients per node:
         	Runtime                          00:00:02.00385 s
         	Peak Memory Estimation:                   84 MB
         	Peak Memory Usage:                        43 MB
         <<<<<<<<<<<<<<<<<<<<<<<<<<<<<<<<<<<<<<<<<<<<<<<<<<<<<<<<<<<<



1xN004:  =============================================================
         [Boundaries] - MCalc
         mpi, mpi, open-add-space, mpi, open-add-space, open-add-space
         =============================================================

1xN004:  ========================================
         [Mesh] Matrix calculation - NO ACIS mode
         [Mesh] 1xN MPI or parallelization mode
         ========================================

1xN004:  ==============================
         [Mesh] Expansion: -2 2 0 2 0 0
         ==============================

1xN004:  ==================================================
         [Mesh] world: o(0000,0000,0000) e(0097,0083,0037)
         [Mesh] l-1xN: o(0041,0000,0000) e(0070,0042,0037)
         [Mesh] e-1xN: o(0039,0000,0000) e(0072,0044,0037)
         [Mesh] g-MPI: not available
         [Mesh] bound offset: (-2 | 2 | 0)
         ==================================================

1xN004:  =================================================================================
          - hardware info
            + cpu name                    : 12th Gen Intel(R) Core(TM) i5-12450H
            + sockets                     : 1
            + cores per socket            : 4
            + hyperthreading              : on
            + ht-units                    : 2
            + efficiency cores            : 4, not used
            + max cpuid level             : 32
            + max cpuid ext. level        : 8
            + numa nodes                  : 1
            + Numa Memory Info
              numa node     installed     available    (MByte)
                0                 0         12014
            + internal cpu info           : CPUID: selected engine is 'Leaf 0xB detection'
         performance cores:
         apic ids           : 0, 1, 8, 9, 16, 17, 24, 25
         apic ids (fallback): 0, 1, 8, 9, 16, 17, 24, 25
         from cpu registers: 0, 1, 8, 9, 16, 17, 24, 25
         fallback: 0, 1, 8, 9, 16, 17, 24, 25
         combined: 0, 1, 8, 9, 16, 17, 24, 25
         core 0 type: Intel Core
         core 1 type: Intel Core
         core 2 type: Intel Core
         core 3 type: Intel Core
         core 4 type: Intel Core
         core 5 type: Intel Core
         core 6 type: Intel Core
         core 7 type: Intel Core
         max id per cpu: 64
         SMT mask: 1
         Core mask: 3e
         Package mask: ffffffc0
         set results:
           - packages: 1
           - cores: 4
           - smts: 2
         generate core map, new implementation
         0, 1, 2, 3, 4, 5, 6, 7
         packages: 1
         cores   : 4
         ht units: 2
         efficiency cores:
         apic ids           : 40, 42, 44, 46
         apic ids (fallback): 40, 42, 44, 46
         from cpu registers: 40, 42, 44, 46
         fallback: 40, 42, 44, 46
         combined: 40, 42, 44, 46
         core 0 type: Intel Atom
         core 1 type: Intel Atom
         core 2 type: Intel Atom
         core 3 type: Intel Atom
         max id per cpu: 64
         SMT mask: 1
         Core mask: 3e
         Package mask: ffffffc0
         set results:
           - packages: 1
           - cores: 4
           - smts: 1
         generate core map, new implementation
         0, 1, 2, 3
         packages: 1
         cores   : 4
         ht units: 1
          - pinning rule in use   : PINNING_RULE_MCALC_SKIP_ALL
          - desired group         : 0
          - num cores available   : 12
          - efficiency cores      : 4, not used
          - active core list from affinity:
            + num accessible procs          : 12
            + num logical procs             : 12
            + current affinity (env)        : 0,1,2,3,4,5,6,7,8,9,10,11
            + sockets ids in                : 0
            + core list                  (1): 0,1,2,3,4,5,6,7,8,9,10,11
          - active cores          : 0,1,2,3,4,5,6,7,8,9,10,11
          - hyperthreading        : on
          - skip pinning: + allowed number of sockets = available number of sockets
                          + hyperthreading allowed by solver
         =================================================================================

1xN004:  ===================================================================================================
         Version: 2025.1 Release from 2024-10-28 (change 1339251) [Release]
         Workflow: PBA matrix coefficients
         Operation: [fpba, meshfill, bg, port-path, tst, tst-nextgen, coeff, surface-imp, connectivity-tree]
         Architecture: Windows, ID: AMD64
         System Windows-64bit
         Using processor group 0/1
         Matrix calculation information:
         # of Nodes: 8
         Concurrency: 4
         Start ID: 3
         Node ID: 4
         HEX Mesh information:
         Hex mesh: node: [hxr o(41 | 0 | 0) s(29 | 42 | 37) np (no TSTs): 45066]
         Hex mesh: extended: [hxr o(39 | 0 | 0) s(33 | 44 | 37) np (no TSTs): 53724]
         ===================================================================================================

1xN004:  -----------------------------------------------------
         Memory status on node "1xN004" for matrix calculation
         	Estimated memory consumption: 0.092078 GB
         	Physical memory installed: 25.3723 GB
         	Available physical memory: 12.564 GB
         	Available relative memory: 49.5186 %
         -----------------------------------------------------

1xN004:  >>>>>>>>>>>>>>>>>>>>>>>>>>>>>>>>>>>>>>>>>>>>>>>>>
         Tue Tue Apr 14 03:46:43 2026
         started: calculating matrix coefficients per node
         >>>>>>>>>>>>>>>>>>>>>>>>>>>>>>>>>>>>>>>>>>>>>>>>>

1xN004:  ============================================================
         Matrix computation (PBA)
         	[Perfect Boundary Approximation (PBA), version: default]
         	[GPU acceleration: off (by user)]
         Version: 2025.1 Release from 2024-10-28 (change 1339251)
         PBA version: default, 2.20240218
         Model compatibility: 2025.20241028
         Sub-Workflow: FARM-1xN-TST2-Node
         Workflow updated: -
         Tue Tue Apr 14 03:46:43 2026
         ============================================================

1xN004:  ---------------------------------------------
         Used point accuracy enhancement value: 0.00%.
         ---------------------------------------------

1xN004:  -------------------------------------------------
         Geometry representation: shared-attached
         Shared memory: read-only
         FARM allocation scheme: PA
         Parallelization: on, used

1xN004:  Gap-Detection activated for FARM-topology. Gaps are resolved, even partially.: gap tolerance value is 0.001000 and mesh geometry scale is 0.001000
1xN004:
1xN004:



1xN004:  ----------------------
         Acceleration mode: CPU
         ----------------------

1xN004:  Port homogenization method: M2H point index deviation
1xN004:  cccccccccccccccccccccccccccccccccccccccccccccccccccccccccccccccccccc
         FARM/Meshfill cache is set to 8 (local FI domains: 8, dynamic: true)
         cccccccccccccccccccccccccccccccccccccccccccccccccccccccccccccccccccc

1xN004:  =============================================================
         Hex cell analyzer settings:
         	max number of E fields per mesh edge: 2
         	max number of H fields per mesh face: 4
         	supporting dual grid: false
         	performance improvement: ROI limit: true
         	performance improvement: ROI threshold: 2
         	performance improvement: single topology extraction: true
         	performance improvement: pre-categorize cell volume: true
         	periodic align: 0
         	periodic cells: true
         	homogenization version: pid
         =============================================================

1xN004:  ----------------------
         TST Statistics:
         E Split (0 | 0 | 124)
         E Adapt (62 | 124 | 2)
         B Split (124 | 62 | 0)
         B Adapt (0 | 31 | 0)
         ----------------------

1xN004:  -------------------------------------------------------------
         TST Version 2.20240218, tst tiny faces fix: on, TST1 BWC: off
         -------------------------------------------------------------

1xN004:  ssssssssssssssssssssssssssssssssssssssssss
         # of curls with SI accuracy enhancement: 0
         ssssssssssssssssssssssssssssssssssssssssss

1xN004:  ------------------------------------------------------------------------------
         PBA fill limit is applied in inverse mode.
         PBA fill limit is applied on faces filled with at least 96.76% metal material.
         --------------------------------------------------------------
         detailed accuracy settings:
         --------------------------------------------------------------
         augmented fill limit:       true
         augmented fill limit value: 96.76
         automatic fill limit:       true
         early fill limit:           true
         inverse fill limit:         true
         model complexity:           0.00
         legacy 2015:                false
         fixed point accuracy:       false
         minimum point accuracy:     0
         mesh step inheritance:      false
         accuracy mode:
         ------------------------------------------------------------------------------

1xN004:  -------------------------------------------------------------------------------
         TST aware field source monitor processing forced by environment variable: false
         No TST aware field source monitors to be processed
         -------------------------------------------------------------------------------

1xN004:  =================================
         Finished matrix computation (PBA)
         =================================

1xN004:  <<<<<<<<<<<<<<<<<<<<<<<<<<<<<<<<<<<<<<<<<<<<<<<<<<<<<<<<<<<<
         Tue Tue Apr 14 03:46:46 2026
         Resource usage for calculating matrix coefficients per node:
         	Runtime                          00:00:02.00925 s
         	Peak Memory Estimation:                   92 MB
         	Peak Memory Usage:                        55 MB
         <<<<<<<<<<<<<<<<<<<<<<<<<<<<<<<<<<<<<<<<<<<<<<<<<<<<<<<<<<<<



1xN005:  ========================================================================
         [Boundaries] - MCalc
         mpi, open-add-space, open-add-space, mpi, open-add-space, open-add-space
         ========================================================================

1xN005:  ========================================
         [Mesh] Matrix calculation - NO ACIS mode
         [Mesh] 1xN MPI or parallelization mode
         ========================================

1xN005:  ==============================
         [Mesh] Expansion: -2 0 0 2 0 0
         ==============================

1xN005:  ==================================================
         [Mesh] world: o(0000,0000,0000) e(0097,0083,0037)
         [Mesh] l-1xN: o(0068,0000,0000) e(0097,0042,0037)
         [Mesh] e-1xN: o(0066,0000,0000) e(0097,0044,0037)
         [Mesh] g-MPI: not available
         [Mesh] bound offset: (-2 | 0 | 0)
         ==================================================

1xN005:  =================================================================================
          - hardware info
            + cpu name                    : 12th Gen Intel(R) Core(TM) i5-12450H
            + sockets                     : 1
            + cores per socket            : 4
            + hyperthreading              : on
            + ht-units                    : 2
            + efficiency cores            : 4, not used
            + max cpuid level             : 32
            + max cpuid ext. level        : 8
            + numa nodes                  : 1
            + Numa Memory Info
              numa node     installed     available    (MByte)
                0                 0         11881
            + internal cpu info           : CPUID: selected engine is 'Leaf 0xB detection'
         performance cores:
         apic ids           : 0, 1, 8, 9, 16, 17, 24, 25
         apic ids (fallback): 0, 1, 8, 9, 16, 17, 24, 25
         from cpu registers: 0, 1, 8, 9, 16, 17, 24, 25
         fallback: 0, 1, 8, 9, 16, 17, 24, 25
         combined: 0, 1, 8, 9, 16, 17, 24, 25
         core 0 type: Intel Core
         core 1 type: Intel Core
         core 2 type: Intel Core
         core 3 type: Intel Core
         core 4 type: Intel Core
         core 5 type: Intel Core
         core 6 type: Intel Core
         core 7 type: Intel Core
         max id per cpu: 64
         SMT mask: 1
         Core mask: 3e
         Package mask: ffffffc0
         set results:
           - packages: 1
           - cores: 4
           - smts: 2
         generate core map, new implementation
         0, 1, 2, 3, 4, 5, 6, 7
         packages: 1
         cores   : 4
         ht units: 2
         efficiency cores:
         apic ids           : 40, 42, 44, 46
         apic ids (fallback): 40, 42, 44, 46
         from cpu registers: 40, 42, 44, 46
         fallback: 40, 42, 44, 46
         combined: 40, 42, 44, 46
         core 0 type: Intel Atom
         core 1 type: Intel Atom
         core 2 type: Intel Atom
         core 3 type: Intel Atom
         max id per cpu: 64
         SMT mask: 1
         Core mask: 3e
         Package mask: ffffffc0
         set results:
           - packages: 1
           - cores: 4
           - smts: 1
         generate core map, new implementation
         0, 1, 2, 3
         packages: 1
         cores   : 4
         ht units: 1
          - pinning rule in use   : PINNING_RULE_MCALC_SKIP_ALL
          - desired group         : 0
          - num cores available   : 12
          - efficiency cores      : 4, not used
          - active core list from affinity:
            + num accessible procs          : 12
            + num logical procs             : 12
            + current affinity (env)        : 0,1,2,3,4,5,6,7,8,9,10,11
            + sockets ids in                : 0
            + core list                  (1): 0,1,2,3,4,5,6,7,8,9,10,11
          - active cores          : 0,1,2,3,4,5,6,7,8,9,10,11
          - hyperthreading        : on
          - skip pinning: + allowed number of sockets = available number of sockets
                          + hyperthreading allowed by solver
         =================================================================================

1xN005:  ===================================================================================================
         Version: 2025.1 Release from 2024-10-28 (change 1339251) [Release]
         Workflow: PBA matrix coefficients
         Operation: [fpba, meshfill, bg, port-path, tst, tst-nextgen, coeff, surface-imp, connectivity-tree]
         Architecture: Windows, ID: AMD64
         System Windows-64bit
         Using processor group 0/1
         Matrix calculation information:
         # of Nodes: 8
         Concurrency: 4
         Start ID: 7
         Node ID: 5
         HEX Mesh information:
         Hex mesh: node: [hxr o(68 | 0 | 0) s(29 | 42 | 37) np (no TSTs): 45066]
         Hex mesh: extended: [hxr o(66 | 0 | 0) s(31 | 44 | 37) np (no TSTs): 50468]
         ===================================================================================================

1xN005:  -----------------------------------------------------
         Memory status on node "1xN005" for matrix calculation
         	Estimated memory consumption: 0.0820036 GB
         	Physical memory installed: 25.3723 GB
         	Available physical memory: 12.4802 GB
         	Available relative memory: 49.1882 %
         -----------------------------------------------------

1xN005:  >>>>>>>>>>>>>>>>>>>>>>>>>>>>>>>>>>>>>>>>>>>>>>>>>
         Tue Tue Apr 14 03:46:48 2026
         started: calculating matrix coefficients per node
         >>>>>>>>>>>>>>>>>>>>>>>>>>>>>>>>>>>>>>>>>>>>>>>>>

1xN005:  ============================================================
         Matrix computation (PBA)
         	[Perfect Boundary Approximation (PBA), version: default]
         	[GPU acceleration: off (by user)]
         Version: 2025.1 Release from 2024-10-28 (change 1339251)
         PBA version: default, 2.20240218
         Model compatibility: 2025.20241028
         Sub-Workflow: FARM-1xN-TST2-Node
         Workflow updated: -
         Tue Tue Apr 14 03:46:48 2026
         ============================================================

1xN005:  ---------------------------------------------
         Used point accuracy enhancement value: 0.00%.
         ---------------------------------------------

1xN005:  -------------------------------------------------
         Geometry representation: shared-attached
         Shared memory: read-only
         FARM allocation scheme: PA
         Parallelization: on, used

1xN005:  Gap-Detection activated for FARM-topology. Gaps are resolved, even partially.: gap tolerance value is 0.001000 and mesh geometry scale is 0.001000
1xN005:
1xN005:



1xN005:  ----------------------
         Acceleration mode: CPU
         ----------------------

1xN005:  Port homogenization method: M2H point index deviation
1xN005:  cccccccccccccccccccccccccccccccccccccccccccccccccccccccccccccccccccc
         FARM/Meshfill cache is set to 8 (local FI domains: 4, dynamic: true)
         cccccccccccccccccccccccccccccccccccccccccccccccccccccccccccccccccccc

1xN005:  =============================================================
         Hex cell analyzer settings:
         	max number of E fields per mesh edge: 2
         	max number of H fields per mesh face: 4
         	supporting dual grid: false
         	performance improvement: ROI limit: true
         	performance improvement: ROI threshold: 2
         	performance improvement: single topology extraction: true
         	performance improvement: pre-categorize cell volume: true
         	periodic align: 0
         	periodic cells: true
         	homogenization version: pid
         =============================================================

1xN005:  -------------------
         TST Statistics:
         E Split (0 | 0 | 0)
         E Adapt (0 | 0 | 0)
         B Split (0 | 0 | 0)
         B Adapt (0 | 0 | 0)
         -------------------

1xN005:  -------------------------------------------------------------
         TST Version 2.20240218, tst tiny faces fix: on, TST1 BWC: off
         -------------------------------------------------------------

1xN005:  ssssssssssssssssssssssssssssssssssssssssss
         # of curls with SI accuracy enhancement: 0
         ssssssssssssssssssssssssssssssssssssssssss

1xN005:  ------------------------------------------------------------------------------
         PBA fill limit is applied in inverse mode.
         PBA fill limit is applied on faces filled with at least 96.76% metal material.
         --------------------------------------------------------------
         detailed accuracy settings:
         --------------------------------------------------------------
         augmented fill limit:       true
         augmented fill limit value: 96.76
         automatic fill limit:       true
         early fill limit:           true
         inverse fill limit:         true
         model complexity:           0.00
         legacy 2015:                false
         fixed point accuracy:       false
         minimum point accuracy:     0
         mesh step inheritance:      false
         accuracy mode:
         ------------------------------------------------------------------------------

1xN005:  -------------------------------------------------------------------------------
         TST aware field source monitor processing forced by environment variable: false
         No TST aware field source monitors to be processed
         -------------------------------------------------------------------------------

1xN005:  =================================
         Finished matrix computation (PBA)
         =================================

1xN005:  <<<<<<<<<<<<<<<<<<<<<<<<<<<<<<<<<<<<<<<<<<<<<<<<<<<<<<<<<<<<
         Tue Tue Apr 14 03:46:50 2026
         Resource usage for calculating matrix coefficients per node:
         	Runtime                          00:00:01.00932 s
         	Peak Memory Estimation:                   82 MB
         	Peak Memory Usage:                        36 MB
         <<<<<<<<<<<<<<<<<<<<<<<<<<<<<<<<<<<<<<<<<<<<<<<<<<<<<<<<<<<<



1xN006:  =============================================================
         [Boundaries] - MCalc
         mpi, mpi, mpi, open-add-space, open-add-space, open-add-space
         =============================================================

1xN006:  ========================================
         [Mesh] Matrix calculation - NO ACIS mode
         [Mesh] 1xN MPI or parallelization mode
         ========================================

1xN006:  ===============================
         [Mesh] Expansion: -2 2 -2 0 0 0
         ===============================

1xN006:  ==================================================
         [Mesh] world: o(0000,0000,0000) e(0097,0083,0037)
         [Mesh] l-1xN: o(0041,0040,0000) e(0070,0083,0037)
         [Mesh] e-1xN: o(0039,0038,0000) e(0072,0083,0037)
         [Mesh] g-MPI: not available
         [Mesh] bound offset: (-2 | 2 | -2)
         ==================================================

1xN006:  =================================================================================
          - hardware info
            + cpu name                    : 12th Gen Intel(R) Core(TM) i5-12450H
            + sockets                     : 1
            + cores per socket            : 4
            + hyperthreading              : on
            + ht-units                    : 2
            + efficiency cores            : 4, not used
            + max cpuid level             : 32
            + max cpuid ext. level        : 8
            + numa nodes                  : 1
            + Numa Memory Info
              numa node     installed     available    (MByte)
                0                 0         12017
            + internal cpu info           : CPUID: selected engine is 'Leaf 0xB detection'
         performance cores:
         apic ids           : 0, 1, 8, 9, 16, 17, 24, 25
         apic ids (fallback): 0, 1, 8, 9, 16, 17, 24, 25
         from cpu registers: 0, 1, 8, 9, 16, 17, 24, 25
         fallback: 0, 1, 8, 9, 16, 17, 24, 25
         combined: 0, 1, 8, 9, 16, 17, 24, 25
         core 0 type: Intel Core
         core 1 type: Intel Core
         core 2 type: Intel Core
         core 3 type: Intel Core
         core 4 type: Intel Core
         core 5 type: Intel Core
         core 6 type: Intel Core
         core 7 type: Intel Core
         max id per cpu: 64
         SMT mask: 1
         Core mask: 3e
         Package mask: ffffffc0
         set results:
           - packages: 1
           - cores: 4
           - smts: 2
         generate core map, new implementation
         0, 1, 2, 3, 4, 5, 6, 7
         packages: 1
         cores   : 4
         ht units: 2
         efficiency cores:
         apic ids           : 40, 42, 44, 46
         apic ids (fallback): 40, 42, 44, 46
         from cpu registers: 40, 42, 44, 46
         fallback: 40, 42, 44, 46
         combined: 40, 42, 44, 46
         core 0 type: Intel Atom
         core 1 type: Intel Atom
         core 2 type: Intel Atom
         core 3 type: Intel Atom
         max id per cpu: 64
         SMT mask: 1
         Core mask: 3e
         Package mask: ffffffc0
         set results:
           - packages: 1
           - cores: 4
           - smts: 1
         generate core map, new implementation
         0, 1, 2, 3
         packages: 1
         cores   : 4
         ht units: 1
          - pinning rule in use   : PINNING_RULE_MCALC_SKIP_ALL
          - desired group         : 0
          - num cores available   : 12
          - efficiency cores      : 4, not used
          - active core list from affinity:
            + num accessible procs          : 12
            + num logical procs             : 12
            + current affinity (env)        : 0,1,2,3,4,5,6,7,8,9,10,11
            + sockets ids in                : 0
            + core list                  (1): 0,1,2,3,4,5,6,7,8,9,10,11
          - active cores          : 0,1,2,3,4,5,6,7,8,9,10,11
          - hyperthreading        : on
          - skip pinning: + allowed number of sockets = available number of sockets
                          + hyperthreading allowed by solver
         =================================================================================

1xN006:  ===================================================================================================
         Version: 2025.1 Release from 2024-10-28 (change 1339251) [Release]
         Workflow: PBA matrix coefficients
         Operation: [fpba, meshfill, bg, port-path, tst, tst-nextgen, coeff, surface-imp, connectivity-tree]
         Architecture: Windows, ID: AMD64
         System Windows-64bit
         Using processor group 0/1
         Matrix calculation information:
         # of Nodes: 8
         Concurrency: 4
         Start ID: 1
         Node ID: 6
         HEX Mesh information:
         Hex mesh: node: [hxr o(41 | 40 | 0) s(29 | 43 | 37) np (no TSTs): 46139]
         Hex mesh: extended: [hxr o(39 | 38 | 0) s(33 | 45 | 37) np (no TSTs): 54945]
         ===================================================================================================

1xN006:  -----------------------------------------------------
         Memory status on node "1xN006" for matrix calculation
         	Estimated memory consumption: 0.0939132 GB
         	Physical memory installed: 25.3723 GB
         	Available physical memory: 12.564 GB
         	Available relative memory: 49.5186 %
         -----------------------------------------------------

1xN006:  >>>>>>>>>>>>>>>>>>>>>>>>>>>>>>>>>>>>>>>>>>>>>>>>>
         Tue Tue Apr 14 03:46:43 2026
         started: calculating matrix coefficients per node
         >>>>>>>>>>>>>>>>>>>>>>>>>>>>>>>>>>>>>>>>>>>>>>>>>

1xN006:  ============================================================
         Matrix computation (PBA)
         	[Perfect Boundary Approximation (PBA), version: default]
         	[GPU acceleration: off (by user)]
         Version: 2025.1 Release from 2024-10-28 (change 1339251)
         PBA version: default, 2.20240218
         Model compatibility: 2025.20241028
         Sub-Workflow: FARM-1xN-TST2-Node
         Workflow updated: -
         Tue Tue Apr 14 03:46:43 2026
         ============================================================

1xN006:  ---------------------------------------------
         Used point accuracy enhancement value: 0.00%.
         ---------------------------------------------

1xN006:  -------------------------------------------------
         Geometry representation: shared-attached
         Shared memory: read-only
         FARM allocation scheme: PA
         Parallelization: on, used

1xN006:  Gap-Detection activated for FARM-topology. Gaps are resolved, even partially.: gap tolerance value is 0.001000 and mesh geometry scale is 0.001000
1xN006:
1xN006:



1xN006:  ----------------------
         Acceleration mode: CPU
         ----------------------

1xN006:  Port homogenization method: M2H point index deviation
1xN006:  cccccccccccccccccccccccccccccccccccccccccccccccccccccccccccccccccccc
         FARM/Meshfill cache is set to 8 (local FI domains: 8, dynamic: true)
         cccccccccccccccccccccccccccccccccccccccccccccccccccccccccccccccccccc

1xN006:  =============================================================
         Hex cell analyzer settings:
         	max number of E fields per mesh edge: 2
         	max number of H fields per mesh face: 4
         	supporting dual grid: false
         	performance improvement: ROI limit: true
         	performance improvement: ROI threshold: 2
         	performance improvement: single topology extraction: true
         	performance improvement: pre-categorize cell volume: true
         	periodic align: 0
         	periodic cells: true
         	homogenization version: pid
         =============================================================

1xN006:  ----------------------
         TST Statistics:
         E Split (0 | 0 | 128)
         E Adapt (64 | 128 | 2)
         B Split (128 | 64 | 0)
         B Adapt (0 | 32 | 0)
         ----------------------

1xN006:  -------------------------------------------------------------
         TST Version 2.20240218, tst tiny faces fix: on, TST1 BWC: off
         -------------------------------------------------------------

1xN006:  ssssssssssssssssssssssssssssssssssssssssss
         # of curls with SI accuracy enhancement: 0
         ssssssssssssssssssssssssssssssssssssssssss

1xN006:  ------------------------------------------------------------------------------
         PBA fill limit is applied in inverse mode.
         PBA fill limit is applied on faces filled with at least 96.76% metal material.
         --------------------------------------------------------------
         detailed accuracy settings:
         --------------------------------------------------------------
         augmented fill limit:       true
         augmented fill limit value: 96.76
         automatic fill limit:       true
         early fill limit:           true
         inverse fill limit:         true
         model complexity:           0.00
         legacy 2015:                false
         fixed point accuracy:       false
         minimum point accuracy:     0
         mesh step inheritance:      false
         accuracy mode:
         ------------------------------------------------------------------------------

1xN006:  --------------------------------------
         Glued 0 metal grid points in port area
         --------------------------------------

1xN006:  -------------------------------------------------------------------------------
         TST aware field source monitor processing forced by environment variable: false
         No TST aware field source monitors to be processed
         -------------------------------------------------------------------------------

1xN006:  =================================
         Finished matrix computation (PBA)
         =================================

1xN006:  <<<<<<<<<<<<<<<<<<<<<<<<<<<<<<<<<<<<<<<<<<<<<<<<<<<<<<<<<<<<
         Tue Tue Apr 14 03:46:46 2026
         Resource usage for calculating matrix coefficients per node:
         	Runtime                          00:00:03.00103 s
         	Peak Memory Estimation:                   94 MB
         	Peak Memory Usage:                        69 MB
         <<<<<<<<<<<<<<<<<<<<<<<<<<<<<<<<<<<<<<<<<<<<<<<<<<<<<<<<<<<<



1xN007:  ========================================================================
         [Boundaries] - MCalc
         mpi, open-add-space, mpi, open-add-space, open-add-space, open-add-space
         ========================================================================

1xN007:  ========================================
         [Mesh] Matrix calculation - NO ACIS mode
         [Mesh] 1xN MPI or parallelization mode
         ========================================

1xN007:  ===============================
         [Mesh] Expansion: -2 0 -2 0 0 0
         ===============================

1xN007:  ==================================================
         [Mesh] world: o(0000,0000,0000) e(0097,0083,0037)
         [Mesh] l-1xN: o(0068,0040,0000) e(0097,0083,0037)
         [Mesh] e-1xN: o(0066,0038,0000) e(0097,0083,0037)
         [Mesh] g-MPI: not available
         [Mesh] bound offset: (-2 | 0 | -2)
         ==================================================

1xN007:  =================================================================================
          - hardware info
            + cpu name                    : 12th Gen Intel(R) Core(TM) i5-12450H
            + sockets                     : 1
            + cores per socket            : 4
            + hyperthreading              : on
            + ht-units                    : 2
            + efficiency cores            : 4, not used
            + max cpuid level             : 32
            + max cpuid ext. level        : 8
            + numa nodes                  : 1
            + Numa Memory Info
              numa node     installed     available    (MByte)
                0                 0         11823
            + internal cpu info           : CPUID: selected engine is 'Leaf 0xB detection'
         performance cores:
         apic ids           : 0, 1, 8, 9, 16, 17, 24, 25
         apic ids (fallback): 0, 1, 8, 9, 16, 17, 24, 25
         from cpu registers: 0, 1, 8, 9, 16, 17, 24, 25
         fallback: 0, 1, 8, 9, 16, 17, 24, 25
         combined: 0, 1, 8, 9, 16, 17, 24, 25
         core 0 type: Intel Core
         core 1 type: Intel Core
         core 2 type: Intel Core
         core 3 type: Intel Core
         core 4 type: Intel Core
         core 5 type: Intel Core
         core 6 type: Intel Core
         core 7 type: Intel Core
         max id per cpu: 64
         SMT mask: 1
         Core mask: 3e
         Package mask: ffffffc0
         set results:
           - packages: 1
           - cores: 4
           - smts: 2
         generate core map, new implementation
         0, 1, 2, 3, 4, 5, 6, 7
         packages: 1
         cores   : 4
         ht units: 2
         efficiency cores:
         apic ids           : 40, 42, 44, 46
         apic ids (fallback): 40, 42, 44, 46
         from cpu registers: 40, 42, 44, 46
         fallback: 40, 42, 44, 46
         combined: 40, 42, 44, 46
         core 0 type: Intel Atom
         core 1 type: Intel Atom
         core 2 type: Intel Atom
         core 3 type: Intel Atom
         max id per cpu: 64
         SMT mask: 1
         Core mask: 3e
         Package mask: ffffffc0
         set results:
           - packages: 1
           - cores: 4
           - smts: 1
         generate core map, new implementation
         0, 1, 2, 3
         packages: 1
         cores   : 4
         ht units: 1
          - pinning rule in use   : PINNING_RULE_MCALC_SKIP_ALL
          - desired group         : 0
          - num cores available   : 12
          - efficiency cores      : 4, not used
          - active core list from affinity:
            + num accessible procs          : 12
            + num logical procs             : 12
            + current affinity (env)        : 0,1,2,3,4,5,6,7,8,9,10,11
            + sockets ids in                : 0
            + core list                  (1): 0,1,2,3,4,5,6,7,8,9,10,11
          - active cores          : 0,1,2,3,4,5,6,7,8,9,10,11
          - hyperthreading        : on
          - skip pinning: + allowed number of sockets = available number of sockets
                          + hyperthreading allowed by solver
         =================================================================================

1xN007:  ===================================================================================================
         Version: 2025.1 Release from 2024-10-28 (change 1339251) [Release]
         Workflow: PBA matrix coefficients
         Operation: [fpba, meshfill, bg, port-path, tst, tst-nextgen, coeff, surface-imp, connectivity-tree]
         Architecture: Windows, ID: AMD64
         System Windows-64bit
         Using processor group 0/1
         Matrix calculation information:
         # of Nodes: 8
         Concurrency: 4
         Start ID: 6
         Node ID: 7
         HEX Mesh information:
         Hex mesh: node: [hxr o(68 | 40 | 0) s(29 | 43 | 37) np (no TSTs): 46139]
         Hex mesh: extended: [hxr o(66 | 38 | 0) s(31 | 45 | 37) np (no TSTs): 51615]
         ===================================================================================================

1xN007:  -----------------------------------------------------
         Memory status on node "1xN007" for matrix calculation
         	Estimated memory consumption: 0.0820036 GB
         	Physical memory installed: 25.3723 GB
         	Available physical memory: 12.4426 GB
         	Available relative memory: 49.04 %
         -----------------------------------------------------

1xN007:  >>>>>>>>>>>>>>>>>>>>>>>>>>>>>>>>>>>>>>>>>>>>>>>>>
         Tue Tue Apr 14 03:46:47 2026
         started: calculating matrix coefficients per node
         >>>>>>>>>>>>>>>>>>>>>>>>>>>>>>>>>>>>>>>>>>>>>>>>>

1xN007:  ============================================================
         Matrix computation (PBA)
         	[Perfect Boundary Approximation (PBA), version: default]
         	[GPU acceleration: off (by user)]
         Version: 2025.1 Release from 2024-10-28 (change 1339251)
         PBA version: default, 2.20240218
         Model compatibility: 2025.20241028
         Sub-Workflow: FARM-1xN-TST2-Node
         Workflow updated: -
         Tue Tue Apr 14 03:46:47 2026
         ============================================================

1xN007:  ---------------------------------------------
         Used point accuracy enhancement value: 0.00%.
         ---------------------------------------------

1xN007:  -------------------------------------------------
         Geometry representation: shared-attached
         Shared memory: read-only
         FARM allocation scheme: PA
         Parallelization: on, used

1xN007:  Gap-Detection activated for FARM-topology. Gaps are resolved, even partially.: gap tolerance value is 0.001000 and mesh geometry scale is 0.001000
1xN007:
1xN007:



1xN007:  ----------------------
         Acceleration mode: CPU
         ----------------------

1xN007:  Port homogenization method: M2H point index deviation
1xN007:  cccccccccccccccccccccccccccccccccccccccccccccccccccccccccccccccccccc
         FARM/Meshfill cache is set to 8 (local FI domains: 4, dynamic: true)
         cccccccccccccccccccccccccccccccccccccccccccccccccccccccccccccccccccc

1xN007:  =============================================================
         Hex cell analyzer settings:
         	max number of E fields per mesh edge: 2
         	max number of H fields per mesh face: 4
         	supporting dual grid: false
         	performance improvement: ROI limit: true
         	performance improvement: ROI threshold: 2
         	performance improvement: single topology extraction: true
         	performance improvement: pre-categorize cell volume: true
         	periodic align: 0
         	periodic cells: true
         	homogenization version: pid
         =============================================================

1xN007:  -------------------
         TST Statistics:
         E Split (0 | 0 | 0)
         E Adapt (0 | 0 | 0)
         B Split (0 | 0 | 0)
         B Adapt (0 | 0 | 0)
         -------------------

1xN007:  -------------------------------------------------------------
         TST Version 2.20240218, tst tiny faces fix: on, TST1 BWC: off
         -------------------------------------------------------------

1xN007:  ssssssssssssssssssssssssssssssssssssssssss
         # of curls with SI accuracy enhancement: 0
         ssssssssssssssssssssssssssssssssssssssssss

1xN007:  ------------------------------------------------------------------------------
         PBA fill limit is applied in inverse mode.
         PBA fill limit is applied on faces filled with at least 96.76% metal material.
         --------------------------------------------------------------
         detailed accuracy settings:
         --------------------------------------------------------------
         augmented fill limit:       true
         augmented fill limit value: 96.76
         automatic fill limit:       true
         early fill limit:           true
         inverse fill limit:         true
         model complexity:           0.00
         legacy 2015:                false
         fixed point accuracy:       false
         minimum point accuracy:     0
         mesh step inheritance:      false
         accuracy mode:
         ------------------------------------------------------------------------------

1xN007:  -------------------------------------------------------------------------------
         TST aware field source monitor processing forced by environment variable: false
         No TST aware field source monitors to be processed
         -------------------------------------------------------------------------------

1xN007:  =================================
         Finished matrix computation (PBA)
         =================================

1xN007:  <<<<<<<<<<<<<<<<<<<<<<<<<<<<<<<<<<<<<<<<<<<<<<<<<<<<<<<<<<<<
         Tue Tue Apr 14 03:46:49 2026
         Resource usage for calculating matrix coefficients per node:
         	Runtime                          00:00:02.00025 s
         	Peak Memory Estimation:                   82 MB
         	Peak Memory Usage:                        37 MB
         <<<<<<<<<<<<<<<<<<<<<<<<<<<<<<<<<<<<<<<<<<<<<<<<<<<<<<<<<<<<



<<<<<<<<<<<<<<<<<<<<<<<<<<<<<<<<<<<<<<<<<<<<<<<<<
Tue Tue Apr 14 03:46:57 2026
Resource usage for parallelization control:
	Runtime                      00:00:15.00406 s
<<<<<<<<<<<<<<<<<<<<<<<<<<<<<<<<<<<<<<<<<<<<<<<<<

---------------------------------------------------------------------------------------------------------------------
PBAMeshFeedback - InfoMap: 0[ms] - SBCell navigation: 0[ms] - CornerCorrectionLinesAndWires: 0[ms] - Write: 0[ms]
ConnectivityAXG - Load: 2[ms] - Setup: 0[ms] - Convert: 13[ms] ( Groups: 2 - Shapes: 17 - Threads: 8 ) - Write: 3[ms]
ConnectivityAXG - Load: 2[ms] - Setup: 0[ms] - Convert: 13[ms] ( Groups: 2 - Shapes: 17 - Threads: 8 ) - Write: 3[ms]
---------------------------------------------------------------------------------------------------------------------

--------------------------------
# of staircase filled cells: 0
# of staircase filled areas: 0
# of staircase filled edges: 23
# of faces above fill limit: 0
# of edges with FPBA topology: 0
--------------------------------

